/*
Navicat MariaDB Data Transfer

Source Server         : localhost
Source Server Version : 100113
Source Host           : localhost:3306
Source Database       : netizenspot

Target Server Type    : MariaDB
Target Server Version : 100113
File Encoding         : 65001

Date: 2017-04-15 20:29:37
*/

SET FOREIGN_KEY_CHECKS=0;

-- ----------------------------
-- Table structure for cats
-- ----------------------------
DROP TABLE IF EXISTS `cats`;
CREATE TABLE `cats` (
  `id` int(10) unsigned NOT NULL AUTO_INCREMENT,
  `name` varchar(255) NOT NULL,
  `desc` varchar(255) DEFAULT NULL,
  `slug` varchar(255) NOT NULL,
  `colour` varchar(255) DEFAULT NULL,
  PRIMARY KEY (`id`)
) ENGINE=InnoDB AUTO_INCREMENT=10 DEFAULT CHARSET=latin1;

-- ----------------------------
-- Records of cats
-- ----------------------------
INSERT INTO `cats` VALUES ('1', 'News', null, 'news', '00aeef');
INSERT INTO `cats` VALUES ('2', 'Education', null, 'education', '0072bc');
INSERT INTO `cats` VALUES ('3', 'Art & Culture', null, 'art-culture', 'f26522');
INSERT INTO `cats` VALUES ('4', 'Culinary', null, 'culinary', 'f7941d');
INSERT INTO `cats` VALUES ('5', 'Techno', null, 'techno', '8dc63f');
INSERT INTO `cats` VALUES ('6', 'Entrepreneur', null, 'entrepreneur', '00a651');
INSERT INTO `cats` VALUES ('7', 'Travel', null, 'travel', '92278f');
INSERT INTO `cats` VALUES ('8', 'Pojok Komunitas', null, 'pojok-komunitas', '1cbbb4');
INSERT INTO `cats` VALUES ('9', 'P3MI 2016', null, 'p3mi-2016', 'ed145b');

-- ----------------------------
-- Table structure for migrations
-- ----------------------------
DROP TABLE IF EXISTS `migrations`;
CREATE TABLE `migrations` (
  `id` int(10) unsigned NOT NULL AUTO_INCREMENT,
  `migration` varchar(255) COLLATE utf8_unicode_ci NOT NULL,
  `batch` int(11) NOT NULL,
  PRIMARY KEY (`id`)
) ENGINE=InnoDB AUTO_INCREMENT=5 DEFAULT CHARSET=utf8 COLLATE=utf8_unicode_ci;

-- ----------------------------
-- Records of migrations
-- ----------------------------
INSERT INTO `migrations` VALUES ('3', '2014_10_12_000000_create_users_table', '1');
INSERT INTO `migrations` VALUES ('4', '2014_10_12_100000_create_password_resets_table', '1');

-- ----------------------------
-- Table structure for password_resets
-- ----------------------------
DROP TABLE IF EXISTS `password_resets`;
CREATE TABLE `password_resets` (
  `email` varchar(255) COLLATE utf8_unicode_ci NOT NULL,
  `token` varchar(255) COLLATE utf8_unicode_ci NOT NULL,
  `created_at` timestamp NULL DEFAULT NULL,
  KEY `password_resets_email_index` (`email`),
  KEY `password_resets_token_index` (`token`)
) ENGINE=InnoDB DEFAULT CHARSET=utf8 COLLATE=utf8_unicode_ci;

-- ----------------------------
-- Records of password_resets
-- ----------------------------

-- ----------------------------
-- Table structure for posts
-- ----------------------------
DROP TABLE IF EXISTS `posts`;
CREATE TABLE `posts` (
  `id` int(10) unsigned NOT NULL AUTO_INCREMENT,
  `title` varchar(255) NOT NULL,
  `content` longtext,
  `slug` varchar(255) NOT NULL,
  `video` varchar(255) DEFAULT NULL,
  `photo` varchar(255) DEFAULT NULL,
  `photo_ext` enum('jpg','jpeg','png') DEFAULT NULL,
  `created_at` timestamp NULL DEFAULT NULL,
  `updated_at` timestamp NULL DEFAULT NULL,
  `deleted_at` timestamp NULL DEFAULT NULL,
  `user_id` int(10) unsigned NOT NULL,
  `cat_id` int(10) unsigned NOT NULL,
  `is_featured` tinyint(1) unsigned NOT NULL DEFAULT '0',
  `is_popular` tinyint(1) unsigned NOT NULL DEFAULT '0',
  PRIMARY KEY (`id`,`slug`),
  KEY `posts_user_id_foreign` (`user_id`),
  KEY `posts_cat_id_foreign` (`cat_id`),
  CONSTRAINT `posts_cat_id_foreign` FOREIGN KEY (`cat_id`) REFERENCES `cats` (`id`) ON DELETE CASCADE,
  CONSTRAINT `posts_user_id_foreign` FOREIGN KEY (`user_id`) REFERENCES `users` (`id`) ON DELETE CASCADE
) ENGINE=InnoDB AUTO_INCREMENT=110 DEFAULT CHARSET=latin1;

-- ----------------------------
-- Records of posts
-- ----------------------------
INSERT INTO `posts` VALUES ('2', 'Oemah Bamboo Merapi New Selo Boyolali Wajib Untuk Dikunjungi', 'Kawasan Wisata New Selo\n\nWisata alam menarik di kawasan New Selo Boyolal Dengan hadirnya Oemah Bamboo Merapi ini menjadi semakin manteb dan tentunya nilai plus buat sobat semua.\n\nLokasi Oemah Bamboo Merapi berada di Jalur pendakian Gunung Merapi Selo , Boyolali, Jawa tengah. Untuk masuk Oemah Bamboo Merapi cukup membayar Rp 10.000 saja.\n\nOemah Bamboo Merapi hadir di seputaran kawasan New Selo sebagai satu titik lokasi wisata baru sekaligus menemani wisata New Selo yang telah hadir sebelumnya. \n\nKeunggulan dari Oemah Bamboo Merapi ini , punya menara yang terbuat dari bambu. Ketinggian menara nya cukup tinggi. Dimana diatas menara nya nanti sobat bisa menikmati panorama alam sekitar tentu nya panorama alam di Selo , Boyolali ini.', 'oemah-bamboo-merapi-new-selo-boyolali-wajib-untuk-dikunjungi', 'https://www.youtube.com/watch?v=ArqSaQZQSjU', 'a', 'jpg', '2016-12-18 06:05:00', '2016-12-18 06:05:00', null, '1', '1', '1', '0');
INSERT INTO `posts` VALUES ('3', 'Semarak Dies Natalis STMIK SINUS Ke-23', 'Kampus biru yang kini lebih dikenal dengan STMIK SINUS ini genap berusia 23 tahun. Digelarlah acara syukuran di halaman gedung A STMIK Sinar nusantara untuk memperingati dies natalis kampus yang telah eksis selama 23 tahun tersebut. Sekolah Tinggi Manajemen Informatika dan Komputer Sinar Nusantara Surakarta yang telah berdiri sejak 11 september 1993 itu berawal dari sebuah institusi pendidikan komputer yang bernama Akademi Manajemen Informatika dan Komputer (AMIK).\nPeningkatan tenaga pengajar,staf  serta kwalitas program studi terus berkembang sehingga pada tahun 2001 AMIK  Sinar Nusantara berubah menjadi Sekolah Tinggi Manajemen Informatika dan Komputer Sinar Nusantara. Kini STMIK sinar nusantara Surakarta semakin eksis dan terus berkembang untuk menjaga kualitas. Terbukti banyak lulusan lulusan terbaik yang tersebar di seluruh Indonesia berguna bagi bangsa dan Negara ini.\nDalam acara ini , banyak para mahasiswa hingga dosen yang menceritakan pengalamannya mulai dari mengenal STMIK sinus hingga sekarang. Acara ini berlangsung meriah. Meskipun terbilang sederhana namun keceriaan Nampak menghiasi raut wajah para mahasiswa maupun dosen dan sivitas akademika lainnnya.\nPuncak acara adalah pemotongan tumpeng oleh ketua STMIK sinus yang dilanjutkan dengan doa dan di akhiri dengan hiburan dari para mahasiswa.', 'semarak-dies-natalis-stmik-sinus-ke-23', 'https://youtu.be/1wjyRwES1dc', 'a', 'jpg', '2016-12-18 06:05:00', '2016-12-18 06:05:00', null, '1', '2', '1', '0');
INSERT INTO `posts` VALUES ('4', 'SERUNYA SALAM KAMPUS 2016 DI KAMPUS BIRU STMIK SINAR NUSANTARA SURAKARTA', 'Perguruan tinggi adalah salah satu tujuan para pelajar yang telah lulus dari SMA dan SMK. Sebelum masuk perkuliahan pihak universitas biasa nya mengadakan orientasi mahasiswa atau pengenalan kepada mahasiswa terhadap lingkungan tempat menuntut ilmu yang baru. Begitu pun kegiatan yang digelar pada STMIK SINAR NUSANTARA SURAKARTA. Kampus biru yang beralamat di JL. Kyai Haji Samanhudi no 84-86 Mangkuyudan,Laweyan, Purwosari, Surakarta, Jawa Tengah ini menggelar salam kampus selama 2 hari yaitu dari tgl 6 september 2016 hingga 7 september 2016.\nTahun 2016 ini mahasiswa baru yang diterima pada STMIK Sinar nusantara ini ada sejumlah 303 mahasiswa. Untuk jurusan paling banyak diminati adalah Sistem informasi dengan jenjang studi S1. \nPada hari pertama salam kampus di isi dengan beberapa materi pengenalan kampus. Pada hari kedua diisi oleh para UKM STMIK Sinar nusantara yang terbagi dalam 11 ukm yaitu,bem,forvol,alvic,CIT,futsal,basket,badminton,tenis meja,PSM,pascal,dan LDK LI.\nSiang hari mulai diisi beberapa permainan dan pertunjukan yang unik dari perwakilan masing masing UKM. Salah satu yang menarik perhatian adalah performance hanoman obong dari perwakilan Paduan Suara Mahasiswa Vocalista De Sinus STMIK SINAR NUSANTARA.\nSeperti tidak mau tersaingi,para mahasiswa baru pun menampilkan aksi spontan yang mengundang gelak tawa para panitia serta mahasiswa baru lainnya. Hari menjelang sore dan inilah akhir dari kegiatan Salam kampus 2016. Dengan mengundang Bp. Wawan laksito M.Kom sebagai Pembina apel sore,banyak pesan yang disampaikan Beliau untuk para mahasiswa baru STMIK Sinar nusantara ini. Salam kampus diakhiri dengan sedikit kejutan oleh para panitia. ” harapan kedepannya semoga rapat bisa terkoordinasi dengan semua panitia baik dari panitia salam kampus maupun panitia dari akademik.” Pungkas A. choirul ulum selaku ketua panitia salam kampus 2016 STMIK Sinar nusantara.', 'serunya-salam-kampus-2016-di-kampus-biru-stmik-sinar-nusantara-surakarta', 'https://www.youtube.com/watch?v=NvWVvKn4T0Q', 'a', 'jpg', '2016-12-18 06:05:00', '2016-12-18 06:05:00', null, '1', '3', '1', '0');
INSERT INTO `posts` VALUES ('6', 'Boyolali Semakin Dekat Menjadi Smart City', 'Jumat, 4 November 2016 Bupati kabupaten boyolali Bapak Seno Samodro meresmikan Sistem informasi Database Jalan dan Jembatan Kabupaten Boyolali. Peresmian yang dilaksanakan di Kantor Dinas Bupati ini mengundang antusias dari beberapa pihak, karena sejatinya sistem informasi ini akan mempermudah pemerintah dan warga kabupaten boyolali untuk memantau kondisi jalan dan jembatan yang tersebar di kabupaten boyolali.\n\nAdalah CV.Lantar Cipta Media yang dipercaya dalam pembuatan sistem informasi ini. Bekerjasama dengan Bina Marga Dinas Pekerjaan Umum dan Energi Sumber Daya Mineral, sampai saat ini telah tersurvey dan terkumpul data jalan sebanyak 70% dari 203 ruas jalan kabupaten boyolali. Dari 203 ruas jalan tersebut telah dilaporkan kondisi jalan yang terbagi menjadi 3 yaitu, kondisi jalan rusak berat sebanyak 12,05%, kerusakan sedang sebanyak 3,73%, dan rusak ringan sebanyak 6,98%.\n\nDari data jembatan sendiri telah terkumpul dan tersurvey sebanyak 268 jembatan dalam kondisi baik, 60 jembatan rusak ringan, 22 jembatan rusak sedang, dan 2 jembatan dalam kondisi rusak berat dari 362 ruas jembatan di kabupaten Boyolali.\n\nBupati boyolali cukup puas dengan adanya system informasi ini karena akan memudahkan beliau dalam mengetahui kondisi jalan dan jembatan tanpa harus menuju lokasi satu per satu, serta memudahkan dalam pelaporan.\n\nBupati berharap dengan adanya system informasi database jalan dan jembatan ini akan menjadi Pioner terbentuknya system informasi – system informasi di bidang lain yang pada akhirnya menuju boyolali menjadi Smart City.', 'boyolali-semakin-dekat-menjadi-smart-city', 'https://www.youtube.com/watch?v=dUY5PZ3CBWQ', 'a', 'jpg', '2016-12-18 06:05:00', '2016-12-18 06:05:00', null, '1', '4', '1', '0');
INSERT INTO `posts` VALUES ('7', 'Serunya Meet and Greet Performer Solo City Jazz Ke-Tujuh', 'Jackstar Café kedatangan tamu dan artis dari event musik jazz yang ada di solo. Solo City Jazz yang akan dilaksanakan pada tanggal 30 September sampai dengan 1 Oktober 2016 bertempat di Taman Balaikambang pukul 19.00 malam. Menampilkan sederet artis penyanyi dan performer jazz dari dalam atau luar negeri.\nKali ini tanggal 29 Sepetember 2016 panitia mengadakan Meet ‘n Greet dengan para performer Solo City Jazz. Mereka diwakili oleh Aditya Ong, Iza Nael dan Michele Kuhnle. Iza Nael membawakan beberapa lagu milik Anji – Dia, Justin Bieber – Love Yourself, dan bersama Michele Kuhnle menyanyikan lagu Raisa – Kali Kedua. Iza Nael juga membawakan lagu miliknya sendiri yang berjudul “Satu Dari Sejuta” yang juga akan dibawakan dalam festival Solo City Jazz 2016.', 'serunya-meet-and-greet-performer-solo-city-jazz-ke-tujuh', 'https://youtu.be/ECKCK1pNVJ8', 'a', 'jpg', '2016-12-18 06:05:00', '2016-12-18 06:05:00', null, '1', '5', '1', '0');
INSERT INTO `posts` VALUES ('8', 'Kemeriahan Festival SOLO CITY JAZZ Ke 7', 'Tahun ini Solo City Jazz (SCJ) menjadi perhelatan ke 7 (tujuh) kalinya, setelah dibuka pertama kalinya oleh Bapak Joko Widodo yang saat itu menjabat sebagai walikota Solo,  di pelataran pasar Antik Triwindu Ngarsopuro pada tahun 2009.\nWalaupun bukan sebuah perhelatan besar yang dipenuhi artis berkaliber bintang, atau dengan banyak panggung, SCJ tetap menyedot perhatian masyarakat Solo Raya dan kota-kota sekitarnya, bahkan meningkat setiap tahunnya dan menjadi salah satu event yang ditunggu tunggu.\nSeperti tahun lalu  SCJ ke 7, kembali akan diadakan di taman Balekambang, sebuah taman kota yang Asri dan merupakan salah satu tempat bersejarah kota Solo.\nTahun ini SCJ tampil hanya dengan 1 (satu) panggung besar dan tetap diadakan 2 (dua) hari, Jum’at 30 September dan 1 Oktober 2016. Tanggal tersebut tidak ada kaitannya dengan kalender nasional gerakan 30 September dan Hari Kesaktian Pancasila, Pemilihan tanggal tersebut karena disesuaikan dengan kalender event Pemerintah kota Solo.\nUntuk mereka yg ingin menikmati taman Balekambang di waktu malam sekaligus menonton pertunjukan dari arak kejauhan, SCJ juga menyediakan stand-stand kuliner dengan berbagai jenis pilihan makanan dan minuman dengan harga yang terjangkau.\nAcara ini gratis untuk siapa saja.\nSolo City Jazz 2016\nTaman Balekambang 30 September & 1 Oktober 2016\nJam 19.00 s/d 23.00 WIB\nHari ke 1 :\nMichelle Kuhnle, Galih Naga Seno, B’Fuzz, Seroja\nHari ke 2. :\nIzanael, Aditya Ong Quartet, Rodrigo Parejo feat Tesla Manaf, Tompi', 'kemeriahan-festival-solo-city-jazz-ke-7', 'https://youtu.be/1ONxP-Akdmw', 'a', 'jpg', '2016-12-18 06:05:00', '2016-12-18 06:05:00', null, '1', '1', '0', '0');
INSERT INTO `posts` VALUES ('9', 'Laweyan Membatik Langit Solo', 'Walaupun diundur sehari menjadi hari senin 3 Oktober 2016, Acara Samanhoedi Membatik Langit tetap meriah dan menarik perhatian. Acara Samanhoedi Membatik Langit dilaksanakan untuk memperingati Hari Batik Nasional yang jatuh pada tanggal 2 Oktober. Acara dimulai pukul 9.30 WIB dengan menampilkan performance para maestro batik dan band akustik pengiring. Bertempat di dua venue yaitu Halaman Robinson dan Lapangan Sriwaru, Samanhoedi membatik langit dimeriahkan oleh performance para maestro batik seperti Chosaeri, Suparman, dan Siswanto. Selain itu, yang membanggakan adalah keberadaan anak anak sekolah dasar dari kelurahan sundakan yang belajar membatik dan menerbangkan layangan bertema batik. Kemarin hujan lebat dan tidak memungkinkan, syukurlah hari ini bisa berjalan, kata adinda selaku panitia. Diharapkan dengan adanya acara ini masyarakat terutama generasi muda bangga memiliki batik sebagai warisan budaya jawa.', 'laweyan-membatik-langit-solo', 'https://www.youtube.com/watch?v=FSugXrFLySc', 'a', 'jpg', '2016-12-18 06:05:00', '2016-12-18 06:05:00', null, '1', '1', '0', '0');
INSERT INTO `posts` VALUES ('10', 'Prosesi Sakral Kirab Malam Satu Suro Keraton Kasunanan Surakarta', 'Ratusan warga antusias mengikuti kirab 1 Suro yang digelar oleh Keraton Kasunanan Surakarta pada minggu 2 oktober. Kirab tahunan itu dilaksanakan untuk memperingati tahun baru Islam 1 Muharram 1438 Hijriyah. Kirab dimulai dari Keraton Surakarta pada pukul setengah 12 malam. Prosesi kirab diawali setelah abdi dalem keraton memberikan sesajen kepada sejumlah hewan kerbau atau dikenal dengan Kebo bule alias Ki Selamet. Kebo bule kemudian diarak keliling kota Solo diiringi oleh prajurit, abdi dalem dan keluarga Keraton Kasunanan Surakarta. Tak hanya itu, sejumlah pusaka pun ikut di arak dalam prosesi kirab.\nWarga yang mengikuti rangkaian kirab bukan hanya berasal dari Surakarta. Banyak warga dari daerah lainnya seperti Karanganyar, Sukoharjo, Klaten, Boyolali, Sragen hingga beberapa warga dari Jawa Timur. Mereka begitu antusias mengikuti rangkaian kirab 1 Suro. Kirab pusaka dimulai dari Kori Kamandungan, Supit Urang barat, Alun-Alun Utara (Alut), Gladak, jalan di utara Benteng Vastenburg, jalan di timur Benteng Vastenburg, Baturono, Gading, Gembegan, Nonongan, kembali ke Gladak, kembali ke Alut, lewat Supit Urang timur, dan finish di Kamandungan lagi.\nKirab dipimpin cucuk lampah berupa tujuh kerbau bule keturunan kyai Slamet. Dia mempersilakan warga untuk menyaksikan agenda Kirab Pusaka.\n', 'prosesi-sakral-kirab-malam-satu-suro-keraton-kasunanan-surakarta', 'https://youtu.be/cQNarZ7wD1U', 'a', 'jpg', '2016-12-18 06:05:00', '2016-12-18 06:05:00', null, '1', '1', '0', '1');
INSERT INTO `posts` VALUES ('11', 'Anugerah \"Kawastara Pawitra\" untuk Kepala Daerah oleh LPPKS', 'Lembaga Pengembangan dan Pemberdayaan Kepala Sekolah (LPPKS) Kementerian Pendidikan dan Kebudayaan Indonesia akan memberikan anugerah kepada para Kepala Daerah yang secara rutin melaksanakan program penyiapan calon sekolah di daerahnya. Penghargaan yang dinamakan “Anugerah Kawastara Pawitra” ini akan dilaksanakan pada Sabtu, Tanggal 15 Oktober 2016, di Hotel Novotel Surakarta.\n\nKawastara Pawitra sendiri berasal dari bahasa sansekerta yang memiliki makna,” Kawastara” berarti “terlihat” sedangkan “Pawitra” berarti “jernih” atau “suci”. Penghargaan ini akan diberikan kepada 113 Kepala Daerah seluruh Indonesia yang turut dalam melaksanakan program tersebut secara Bersih serta konsisten dalam meningkatkan mutu pendidikan. Karena pada dasarnya peningkatan mutu pendidikan berasal dari sekolah yang baik, dan sekolah yang baik dikarenakan memiliki Kepala Sekolah yang baik pula. \n\nKetua LPPKS Prof. Dr. Siswandari, M.Stats, mengungkapkan pada acara Jumpa Pers yang dilaksanakan pada 11 Oktober 2016 bahwa, 90% Kepala Sekolah di Indonesia belum melaksanakan supervisi akademik setiap 6 bulan seklai, yang menyebabkan Kepala Sekolah tidak mengetahui kemampuan Guru dalam mengajar. Padahal, kemampuan pemahaman siswa dalam pembelajaran dipengaruhi oleh seberapa kompeten guru mengajar. Hal ini lah yang menyebabkan terjadinya penurunan kualitas pendidikan.\n\nMaka dari itu, LPPKS disini memiliki peran penting dalam menyiapkan Kepala Sekolah yang berkompeten dan memiliki kualitas yang baik dalam memanajemen sekolahnya. Sehingga dengan penghargaan ini diharapkan para Kepala Daerah akan lebih bersemangat dalam melaksanakan program ini.', 'anugerah-kawastara-pawitra-untuk-kepala-daerah-oleh-lppks', 'https://www.youtube.com/watch?v=xaoFlKm66mI', 'a', 'jpg', '2016-12-18 06:05:00', '2016-12-18 06:05:00', null, '1', '1', '0', '0');
INSERT INTO `posts` VALUES ('12', 'Solo Batik Fashion \"Mutu Manikam Pesona Indonesia\"', 'Puluhan desainer akan ikut memeriahkan \"Solo Batik Fashion\" kedelapan tahun 2016 yang digelar di Halaman Balaikota Surakarta, dari tanggal 7 sampai 9 Oktober 2016. Pagelaran \"Solo Batik Fashion\" tersebut mengambil tema “Mutu Manikam Pesona Indonesia”. Memiliki makna aneka macam batu permata dari bumi Indonesia yang mempesona. Batu permata disini diartikan sebagai aneka macam budaya dari sabang samapai merauke. Tema ini nanti akan dituangkan dalam karya karya desainer yang tampil di Solo Batik Fashion. \nKarya dari 35 Desainer akan ditampilkan pada acara mencapai 250 lebih desain. Partisipan yang tergabung terdiri dari para perancang busana professional, pelajar atau mahasiswa jurusan desain busana, dan pelaku bisnis fashion retail dan online yang berasal dari Solo, Jogja, Ngawi, Semarang, Jakarta dan Surabaya.', 'solo-batik-fashion-mutu-manikam-pesona-indonesia', 'https://www.youtube.com/watch?v=01Evauzn5tA', 'a', 'jpg', '2016-12-18 06:05:00', '2016-12-18 06:05:00', null, '1', '1', '0', '1');
INSERT INTO `posts` VALUES ('13', 'Kompetisi Purwacaraka Music Studio Cabang Solo', 'Purwacaraka Music Studio Solo mengadakan kompetisi internal bermain piano di Solo Grand Mall Lantai 3 pada hari Minggu 25 September 2016. Kompetisi yang diikuti para siswa sekolah musik tersebut digelar untuk mengetahui tingkat prestasi yang bisa diraih para siswa.\n\nPurwacaraka Music Studio tidak mengedepankan nama besarnya untuk terus berkibar. Musisi sekaligus komponis itu membuktikan kualitasnya melalui siswa-siswa sekolah musiknya. Apresiasi terhadap para siswa tersebut diwujudkan dalam konser kompetisi siswa musik 2016 dengan tema “Menjadi yang Terbaik itukah kamu?” dan pertunjukan tersebut di laksanakan dengan atraktif dengan skil piano yang menarik.', 'kompetisi-purwacaraka-music-studio-cabang-solo', 'https://www.youtube.com/watch?v=lW_UqoZlffs', 'a', 'jpg', '2016-12-18 06:05:00', '2016-12-18 06:05:00', null, '1', '1', '0', '1');
INSERT INTO `posts` VALUES ('14', 'Desain Busana Istimewa Solo Batik Fashion 2016', 'Solo Batik Fashion merupakan ajang untuk mengapresiasi sekaligus menampilkan karya batik dalam desain busana yang istimewa. \n\nSolo Batik Fashion 2016 mempunyai tema Mutu Manikam Pesona Indonesia, yang berarti memiliki berbagai macam batupermata dari bumi Indonesia yang mempesona. Acara ini digelar pada 07-09 Oktober 2016 di Kawasan Balaikota Surakarta.\n\nHingga tahun 2016 Solo Batik Fashion sudah sebanyak 8 kali digelar untuk mengedukasi masyarakat agar mencintai produk dalam negeri sekaligus untuk memahami makna istimewa dari batik yang penuh dengan motif yang menggambarkan hidup manusia.\n\nPergelaran yang menampilkan keragaman batik oleh 35 desainer dan 250 lebih outfit dari berbagai daerah ini adalah pagelaran ke delapan kalinya yang selalu dilaksanakan secara publik dan gratis.\n\nPada pembukaan acara Solo Batik Fashion 2016 sempat terkendala karena hujan deras yang membasahi kota Solo, hingga pada akhirnya hujan reda dan acara dimulai dari pukul 20.00 hingga 22.00 WIB\n\nEny Tyasni Suzana Selaku Kepala Dinas Kebudayaan dan Pariwisata Kota Surakarta, dalam sambutannya berharap Solo Batik Fashion 2016 akan amampu menarik desainer-desainer dari seluruh Indonesia untuk dapat tampil di ajang Solo Batik Fashion pada tahun-tahun mendatang\n\nKemudian Wakil WaliKota Solo, Bapak Achmad Purnomo menambahkan, ‘Kota Solo sebagai ibukota batik di Indonesia harus di branding agar masyarakat di luar kota Solo berkunjung ke kota Solo untuk mencari batik yang diinginkan.', 'desain-busana-istimewa-solo-batik-fashion-2016', 'https://www.youtube.com/watch?v=YdrlHAt4gp8', 'a', 'jpg', '2016-12-18 06:05:00', '2016-12-18 06:05:00', null, '1', '1', '0', '1');
INSERT INTO `posts` VALUES ('15', 'Press Conference Solo City Jazz 2016', 'Solo City Jazz kembali hadir. Menuju pagelaran event tahunan Solo City Jazz 2016, Press Conference diselenggarakan di Hotel Novotel Solo pada 29 September 2016. Dengan pembaharuan yang baru dan berbeda dari tahun sebelumnya, penikmat musik jazz akan dimanjakan dengan penampilan musisi musisi muda berbakat. Event yang pertama kali diselenggarakan pada tahun 2009 menampilkan musisi seperti Tesla Manaf, Michelle Kuhnle, Aditya Ong Quartet, Seroja, Rodrigo parejo, Iza Nael, dan B\'fuz. Dan ditutup dengan penampilan musisi jazz kenam', 'press-conference-solo-city-jazz-2016', 'https://www.youtube.com/watch?v=4yC0z0oMTQ4', 'a', 'jpg', '2016-12-18 06:05:00', '2016-12-18 06:05:00', null, '1', '1', '0', '1');
INSERT INTO `posts` VALUES ('16', 'Pementasan Tari Koreografer Otniel Kasman', 'Tubuh Dariah layaknya sebuah “labirin“, karakter ketubuhannya samar seperti tak bermuara. Gejolak itu muncul dalam porses ketubuhannya lewat Lengger. Gejolak itu kemudian direkonstruksi menjadi beberapa babak dalam karya ini. Sekilas sinopsis dari Pementasan Tari “No She He Or It” karya koreografer Otniel Tasman. Karya ini adalah manifestasi dari rentetan karya yang telah tercipta, yaitu Barangan, Lengger Laut, serta Menunggu. Karya ini diilhami oleh sosok Dariah, penari lengger laki-laki dari Banyumas. Secara etimologi lengger memiliki arti dua simbol kepribadian laki-laki dan perempuan. Lebih lanjut, tarian ini memiliki makna kesuburan, kehadirannya sering kali muncul pada upacara pesta panen. Selain itu, lengger juga memiliki arti sebagai doa. Sebagai doa lengger sering muncul pada acara tasyakuran (khaul), sebagai ungkapan rasa terima kasih kepada Sang Pencipta. \n\nOtniel Tasman lahir pada 1989 di Banyumas, Jawa Tengah. Ia belajar tari di ISI Surakarta, Indonesia dari 2007 hingga awal 2014. Otniel Tasman kerap terlibat dalam pelbagai produksi sebagai penari untuk beberapa koreografer Indonesia seperti Wahyu Santoso Prabowo, Dwi Windarti, Fitri Steyaningsih, Eko Supriyanto, Eko Supendi, Nuryanto, S Pamardi dan Suprapto Suryodarmo. Selain itu ia pun sudah menciptakan beberapa koreografi untuk lagu solo dan juga berkolaborasi dengan ensemble. Beberapa karyanya antara lain Salah, Rohwong, Angruwat, Barangan, dan Mantra. Ia telah tampil di berbagai festival di Indonesia maupun di mancanegara. Terakhir, ia terpilih untuk mengikuti program ChoreoLab: Process in Progress yang diadakan oleh Komite Tari, Dewan Kesenian Jakarta.', 'pementasan-tari-koreografer-otniel-kasman', 'https://www.youtube.com/watch?v=27CGi83R-8Y', 'a', 'jpg', '2016-12-18 06:05:00', '2016-12-18 06:05:00', null, '1', '1', '0', '1');
INSERT INTO `posts` VALUES ('17', 'Pementasan Tunggal Karya NOSHEHEORIT Koreografer Otniel Tasman', 'Tubuh Dariah layaknya sebuah “labirin“, karakter ketubuhannya samar seperti tak bermuara. Gejolak itu muncul dalam porses ketubuhannya lewat Lengger. Gejolak itu kemudian direkonstruksi menjadi beberapa babak dalam karya ini. Terdapat tiga bagian penting yang akan dimunculkan. Pertama adalah eksotisme sekaligus sifat kelaki-lakian. Kedua erotisme dan sensualitas mewakili sifat keperempuanan. Ketiga adalah percampuran atas keduanya, memunculkan gestur sekaligus estetika gerak perkawinan keduanya. Karya ini adalah manifestasi dari rentetan karya yang telah tercipta, yaitu Barangan, Lengger Laut, serta Menunggu. Karya ini diilhami oleh sosok Dariah, penari lengger laki-laki dari Banyumas. Secara etimologi lengger memiliki arti dua simbol kepribadian laki-laki dan perempuan. Lebih lanjut, tarian ini memiliki makna kesuburan, kehadirannya sering kali muncul pada upacara pesta panen. Selain itu, lengger juga memiliki arti sebagai doa. Sebagai doa lengger sering muncul pada acara tasyakuran (khaul), sebagai ungkapan rasa terima kasih kepada Sang Pencipta.\n\nPementasan tunggal karya NOSHEHEORIT si Teater Arena 5 Oktober 2016 di koreograferi oleh Otniel Tasman, beliau lahir di Banyumas, 25 Januari 1989. Otniel tidak hanya terlibat dalam karya seniman senior di Indonesia, namun ia juga aktif menciptakan karya secara independent. Ia merupakan koreografer muda yang produktif, saat ini Ia tengah menjadi perhatian karena konsistensinya mengangkat kesenian Lengger ke dalam karya-karya koreografinya. \n\nLengger banyumas menyimpan maksa kesuburan Pada karyanya kali ini, Omiel focus pada sosok Dariah, seorang Maestro Lengger Lanang yang kini berusia 90an tahun. Dariah mengispirasi karya-karya Otniel sebelumnya dan khususnya pada karya barunya yang keenanm ini yang diberi judul NOSHEHEORIT. Di dalam karya ini Otniel konsentrasi pada gagasan yang menceritakan praktik ketubuhan Dariah. Menurut Otniel, pergulatan Dariah sebagai seorang lelaki yang menarikan karakte serta kostum perempuan ini menyimpan banyak cerita unik. Yang istimewa dari fokusnya kali ini adalah konse nyawiji yang ada dalam tubuh dariah.', 'pementasan-tunggal-karya-nosheheorit-koreografer-otniel-tasman', 'https://www.youtube.com/watch?v=9nmKEtbIJ5A', 'a', 'jpg', '2016-12-18 06:05:00', '2016-12-18 06:05:00', null, '1', '1', '0', '0');
INSERT INTO `posts` VALUES ('18', 'Kunto Aji Hadir Dalam Festival Kuliner Solo 2016', 'Kunto Aji yang memiliki ciri khas rambut keriting dan menggunakan kacamata berbingkai membawakan lahu milik Chrisye berjudul “Kala Cinta Menggoda” sebagai pembukaan. Para penggemar yang sudah menunggu langsung mengkrumuni panggung mencari posisi paling depan. \n\nFestival Kuliner Solo 2016 hasil kerja sama Dista FM bersama Sana sini Event Organizer terselenggara mulai dari hari Kamis hingga Sabtu (6-8/10/2016). Pengunjung di manjakan dengan stand kuliner yang jumlahnya cukup banyak menjual berbagai macam kuliner serta dalam event ini pengunjung juga bisa menikmati Aksi Musisi Lokal dan Nasional. \n\nPada hari pembukaan Festival Kuliner Solo 2016 hadir bintang tamu musisi nasional yang tengah meroket karirnya, ialah Kunto Aji. Di awal acara hadir musisi lokal pada pukul 20.10 WIB Kunto Aji hadir naik panggung. Para penggemar yang sudah menunggu langsung mengkrumuni panggung mencari posisi paling depan. \n\nKunto Aji yang memiliki ciri khas rambut keriting dan menggunakan kacamata berbingkai membawakan lahu milik Chrisye berjudul “Kala Cinta Menggoda” sebagai pembukaan. \nSebelum lanjut ke lagu kedua Kunto Aji menceritakan pengalamanya hadir di kota Solo. “Kebetulan Solo hawanya lagi segar. Sewaktu di hotel, saya makan srabi sambil nonton hujan. Syahdu banget,” ungkapnya. \n\nKunto Aji melanjutkan penampilan membawakan lagu yang berjudul “Amatiran” Ia menceritakan kisah yang tedapat dalam lagu tersebut. “Tahun lalu saya mengeluarkan album perdana. Lagu-lagunya berbicara tentang kehidupan, cinta, jomblo. Salah satunya adalah ‘Amatiran’, yang berkisah mengenai sudut pandang seorang pria dalam memahami hati wanita,” ucapnya.\n\nLagu-lagu yang dibawakan Kunto Aji pada malam itu bercerita soal nasib nelangsa. Namun, ekspresi dari wajah para penonton tampak ceria. Salah satu senyum terlebar yang diberikan Kunto Aji adalah ketika ia mengucapkan terimakasih kepada penonton yang hadir. “Terimakasih telah mengapresiasi karya saya. Ada banyak cara men-support musisi yang kalian suka. Salah satunya datang saat idola kalian manggung,” katanya. Di akhir closing statement-nya, Kunto berharap bisa tampil lagi di Kota Solo dengan format full band dan durasi yang lebih lama.', 'kunto-aji-hadir-dalam-festival-kuliner-solo-2016', 'https://www.youtube.com/watch?v=HguecwwSWow', 'a', 'jpg', '2016-12-18 06:05:00', '2016-12-18 06:05:00', null, '1', '1', '0', '0');
INSERT INTO `posts` VALUES ('19', 'Sticking Drum Clinic Rhythm Star Music School Solo', 'Sandy Pasband adalah pemilik sekolah musik Rhythm Star Music. Rhythm Star Music yang bertempat di Solo Squre sebelumnya berada di Fajar Indah. \n\nDalam rangka opening kantor baru Rhythm Star Music School Solo mengadakan acara sticking dan drum clinic bareng Sandy Pasband bertempat di Atrium Solo Square. Dimulai waktu sore banyak pengunjung yang hadir dan menunggu acara ini.\n\nAcara yang berlangsung pada Kamis 9 Oktober 2016 ini dibuka untuk umum Diawali dengan penampilaan drummer cilik dari jogja yang masih duduk di bangku sekolah dasar kelas 4 bernama Kena, Ia sudah satu tahun belajar musik di Rhythm Star Music, membawakan lagu yang sudah diaransemen. \n\nKena dalam bermain musik memilih aliran pop. Selain penampilan dari Kena juga ada penampilan dari drummer cilik Solo, yaitu Lucky bersama adiknya. Lucky bercerita ia pernah mengikuti sebuah kompetisi di Jakarta dan berhasil meraih juara satu dan mendapatkan hadiah sebesar 20 juta rupiah. Khusus pada tanggal 9 Oktober 2016 Rhythm Star Music membuka pendaftaran secara gratis.', 'sticking-drum-clinic-rhythm-star-music-school-solo', 'https://www.youtube.com/watch?v=2KtdkuKrMEU', 'a', 'jpg', '2016-12-18 06:05:00', '2016-12-18 06:05:00', null, '1', '1', '0', '0');
INSERT INTO `posts` VALUES ('20', 'Pabrik Agung Kuncoro Tex Kembali Terbakar', 'Pabrik tekstil Agung Kuncoro Tex kembali mengalami kebakaran pada hari rabu, 5 oktober 2016 sekitar pukul 16.15 sore. Tidak ada korban jiwa pada kejadian kebakaan Pabrik yang terletak di kilometer 9 jalan raya Solo-Sragen ini. Kebakaran terjadi di sisi barat pabrik yang merupakan gudang pengintalan kapas. Menurut warga sekitar belum diketahui penyebab terjadinya kebakaran namun dicurigai berasal dari ruang boiler. \n\nTerlihat kerumunan warga yang antusias memadatkan lokasi evakuasi guna menyaksikan kejadian ini, meskipun terhalang oleh warga namun mobil pemadam kebakaran berhasil memasuki lokasi dan memadamkan api. Meskipun sempat diguyur hujan, namun api masih sulit di padamkan. Pemadam kebakaran, TNI, POLRI, dan warga sukarelawan turut membantu memadamkan kobaran api yang akhirnya berhasil dijinakkan setelah 4 jam lamanya.\n\nMeskipun belum dikonfirmasi kerugian yang dialami, namun dilihat dari besarnya kerusakan akibat kejadian ini, kerugian yang di alami agung textile bisa mencapai milyaran rupiah.', 'pabrik-agung-kuncoro-tex-kembali-terbakar', 'https://www.youtube.com/watch?v=4Qn3p_qdctg', 'a', 'jpg', '2016-12-18 06:05:00', '2016-12-18 06:05:00', null, '1', '1', '0', '0');
INSERT INTO `posts` VALUES ('21', 'Wisata Waduk di Tengah Hutan', 'Ayo mampir sejenak di tempat wisata Waduk Kubangkangkoeng yang terletak di kecamatan kawunganten, kabupaten cilacap, jawa tengah.\nTempat Wisata Waduk Kubangkangkoeng ini tergolong unik karena letaknya yang berada di tengah hutan karet dan pinus serta serta terdapat mitos yang menyebutkan bahwa air pada waduk kubangkangkung dari zaman dahulu hingga sekarang tidak pernah kering meskipun dalam musim kemarau yang panjang. \nWaduk kubangkangkung sendiri mengalami renovasi pada tahun 2014 dan sejak saat itu kawasan ini dibuka sebagai tempat wisata. Udara di sekitar waduk ini sangat sejuk karena banyak tumbuhan karet dan pinus di sekelilingnya. \nDi lengkapi fasilitas-fasilitas rekreasi yang semakin membuat para pengunjung menikmati tempat ini. beberapa fasilitas yang dapat dinikmati dari taman wisata waduk kubangkangkung ini adalah terdapat perahu dan kano yang dapat digunakan untuk berlayar mengelilingi waduk, selain itu Terdapat taman dinosaurus, tempat bermain anak-anak, flying fox, refleksi kaki menggunakan ikan, arena outbond, serta spot selfie unik yang sayang untuk dilewatkan.\nTempat wisata ini sejatinya masih dalam proses pengembangan karena memang terdapat potensi wisata yang besar didalamnya. Ayo mampir ke taman wisata ini!', 'wisata-waduk-di-tengah-hutan', 'https://www.youtube.com/watch?v=A-M7Xs093HE', 'a', 'jpg', '2016-12-18 06:05:00', '2016-12-18 06:05:00', null, '1', '1', '0', '0');
INSERT INTO `posts` VALUES ('22', 'Sambut Mahasiswa Baru dengan Pameran CIRCUSTARD', 'Dalam menyambut mahasiswa baru, mahasiswa FKIP Seni Rupa UNS nengadakan pameran yang bertajuk Circustard yang diadakan di gedung E FKIP UNS.\n\nCircustard ini sendiri diambil dari kata circus yang berarti sirkus dan custard yang berarti karamel. Filosofi ini diharapkan para mahasiswa baru yang belum kenal mampu menyatu. Pameran circustard berlangsung sejak senin (19/09) hingga Rabu (21/09). Kurang lebih ada 150 an karya ditampilkan antara lain Nirmana, Sketsa, dan kriya patung.\n\n\n\n\nPameran yang bernama CIRCUSTARD Pameran Sambut Mahasiswa Baru 2016, pameran yang bertanjuk party dengan tema Circustard. \n\nPameran ini berlangsung selama 3 hari di mulai dari tanggal 19 sampai 21 september 2016 bertempat di gedung E FKIP UNS dan pameran tanpa di pungut biaya. Selama pameran terdapat berbagai macam acara yang seru seperti live music dan performing art pada hari terkhir full pameran serta penutupan. Banyak karya yang ditampilkan menghiasi area pameran. \n\nPengunjung yang datang memasuki area pameran akan merasakan berada di sebuah sircus, pengunjung akan terbaya ke dalam suasana party. Pengunjung yang datang berasal dari berbagai kalangan, seperti mahasiswa baik dari uns maupun bukan uns.', 'sambut-mahasiswa-baru-dengan-pameran-circustard', 'https://www.youtube.com/watch?v=MReh-yCG91c', 'a', 'jpg', '2016-12-18 06:05:00', '2016-12-18 06:05:00', null, '1', '1', '0', '0');
INSERT INTO `posts` VALUES ('23', 'Dahsyatnya Solo City Jazz 7 Bersama Tompi | Hari ke 2', 'Pada hari pertama Solo City Jazz Menampilkan Michelle Kuhnle, Galih Naga Seno, B\'Fuzz, dan Seroja. Sedangkan pada hari kedua menampilkan Izanael, Aditya Ong Quartet, Rodrigo Parejo feat Tesla Manaf dan bintang tamu yang paling dinantikan oleh para penonton dan juga Sebagai penutup sekaligus puncak acara SCJ yaitu Tompi.\n\nPenonton juga terhibur dengan aksi Tompi yang mengajak salah satu penonton untuk naik ke atas panggung dan ber duet membawakan lagu jazz.\n\npada hari kedua SCJ, Sabtu 1 Oktober 2016 antusias masyarakat semakin besar dengan membludaknya penonton yang hadir pada Event ini baik dari Solo maupun luar Solo.\n\nEvent yang dilaksanakan di taman Balekambang ini sendiri merupakan ajang unjuk bakat musisi-musisi muda Kota Solo namun beberapa musisi dan band tamu berasal dari luar Kota Solo.\n\nDengan karakternya yang energic dalam membawakan music jazz, Tompi berhasil membangkitkan semangat penonton yang telah menunggu kehadirannya hingga pukul 10 malam.', 'dahsyatnya-solo-city-jazz-7-bersama-tompi-hari-ke-2', 'https://www.youtube.com/watch?v=9Wri1hFBrts', 'a', 'jpg', '2016-12-18 06:05:00', '2016-12-18 06:05:00', null, '1', '1', '0', '0');
INSERT INTO `posts` VALUES ('24', 'Festival Payung Indonesia “Sky Umbrella, Exploring Indonesia”', '“Dalam kehidupan sehari-hari, mungkin sebaiknya kita berperilaku seperti payung. Bisa mengayomi diri kita sendiri, keluarga, dan masyarakat, selain melindungi diri dari cuaca panas dan hujan. Tak ubahnya seperti langit yang melindungi kehidupan manusia dibumi dari jatuhnya benda benda ruang angkasa ke bumi.” Begitulah filosofi yang ingin diangkat pada festifal payung tahun ini dengan mengangkat tema “Sky Umbrella, Exploring Indonesia”. \nAcara yang digelar mulai tanggal 23 sampai 25 September 2016, di Taman Balekambang. Adapun agenda yang digelar adalah instalasi payung, workshop kreasi dan melukis payung, pasar payung, seni pertunjukan, Fashion Show dan Temu Koreografer Wanita. Peserta meliputi para pengrajin payung dari berbagai wilayah meliputi Tasikmalaya, Kaliwungu (Kendal), Kalibagor (Banyumas), Juwiring Klaten, dan Yogyakarta. Ada juga partisipan seni pertunjukan dari Makasar, Lampung, Solo, Surabaya, Bandung, Yogyakarta dll. Serta partisipan mancanegara dari Singapore, Jepang, Brunei Darussalam, Meksiko, Inggris dan Jerman. \nTujuan utama Festival Payung yang diselenggarakan secara tahunan ini adalah untuk melestarikan seni pembuatan payung tradisional Indonesia dan menumbuhkan pendidikan informal anak-anak melalui kreativitas payung. Event yang diselenggarakan secara tahunan ini merupakan usaha yang terus dilakukan secara berkesinambungan untuk mendorong masyarakat dan kita semua untuk melestarikan seni pembuatan payung tradisional dan melakukan eksplorasi kreativitas kebaruan pada payung.', 'festival-payung-indonesia-sky-umbrella-exploring-indonesia', 'https://www.youtube.com/watch?v=iQRK3KpdAb8', 'a', 'jpg', '2016-12-18 06:05:00', '2016-12-18 06:05:00', null, '1', '1', '0', '0');
INSERT INTO `posts` VALUES ('25', 'KREASSO Ajang Unjuk Gigi Siswa - Siswi Solo', 'Kreaso merupakan event tahunan yang digagas Pemerintah Kota Surakarta melalui Dinas Pendidikan, Pemuda dan Olah Raga (Disdikpora) Kota Surakarta. Bertujuan untuk memfasilitasi kreativitas anak sekolah di Surakarta. Kreasso menyajikan berbagai kegiatan antara lain performing art, expo community, workshop dan competition. Suasana expo padat oleh siswa maupun orang tua. Terdapat panggung performing art yang telah disediakan. Kursi yang disediakan penuh oleh pengunjung bahkan ada beberapa yang harus duduk di tanah untuk menyaksikan penampilan sekolahnya.\nTiga puluh delapan stand yang terdiri dari SD, SMP dan SMA Kota Solo akan meramaikan ajang Kreasi Anak Sekolah Solo(Kreasso) 2016 di Benteng Vastenburg, 15 sampai 17 September 2016. Stand tersebut akan ada di ekspo Kreasso selama tiga hari yang dibuka mulai pukul 12.00 WIB hingga 21.00 WIB.', 'kreasso-ajang-unjuk-gigi-siswa-siswi-solo', 'https://www.youtube.com/watch?v=3GkBjmi3oJo', 'a', 'jpg', '2016-12-18 06:05:00', '2016-12-18 06:05:00', null, '1', '1', '0', '0');
INSERT INTO `posts` VALUES ('26', 'Lomba Kompetensi Siswa SMK XXV Tahun 2016 Tingkat Jawa Tengah', 'Karesidenan Surakarta serta dipusatkan di Kota Surakarta. LKS Jawa Tengah Tahun 2016 dilaksanakan pada tanggal 14 sampai 17 September 2016. Mata lomba yang dipertandingkan kali ini adalah sebanyak 50 (lima puluh) bidang mata lomba serta 3 (tiga) mata lomba eksibisi. LKS Jateng 2016 ini mengambil Tema \"Mewujudkan Revolusi Mental Membangun Manusia Indonesia Berkarakter dan Berdaya Saing Global melalui LKS SMK XXV Provinsi Jawa Tengah yang Kompetitif, Kreatif dan Inovatif\" serta dengan Motto \"Berkarya dan berinovasi mengasah kompetensi menggapai prestasi menyongsong MEA SMK Bisa\".\n\nPlumbing salah satu bidang yang dilombakan dan dilaksanakan di SMK Negeri 2 Surakarta. Menjadi salah satu bidang yang menarik untuk disimak karena prospek kerja kedepannya akan cerah. Dalam perlombaan ini Plumbing dibagi menjadi 3 kriteria yaitu Air Bersih, Air Panas dan Air Kotor.\n\nHarapan kedepan event nasional LKS bisa diadakan di Solo Raya, dan untuk menjaga independensi dari hasil lomba nantinya home base dari LKS bisa ditempatkan di Universitas Sebelas Maret.', 'lomba-kompetensi-siswa-smk-xxv-tahun-2016-tingkat-jawa-tengah', 'https://www.youtube.com/watch?v=A5XsKPHVtz4', 'a', 'jpg', '2016-12-18 06:05:00', '2016-12-18 06:05:00', null, '1', '1', '0', '0');
INSERT INTO `posts` VALUES ('27', 'CAR FREE DAY SOLO dan Keunikannya', 'Car Free Day (CFD) merupakan salah satu upaya untuk mengatasi pencemaran udara di Kota Solo yang sudah terbilang sangat padat dengan polusi. Berbagai komunitas, organisasi, dan kadang juga instansi turut hadir dan memeriahkan momen-momen jalan utama Slamet Riyadi yang bebas kendaraan bermotor. Azizah Putri, seorang yang menikmati Car Free Day Surakarta menyampaikan alasannya untuk mengisi hari minggu paginya di Acara CFD karena rasa ketertarikannya terhadap Komunitas Pecinta Hewan Peliharaan.\n\nKunjungi CAR FREE Day Solo setiap hari minggu Pukul 06.00-09.00 WIB.\n\nManfaatkan Car Free Day Solo untuk berolahraga, mencari kuliner unik serta mengikuti komunitas-komunitas yang bisa membuat minggumu menjadi ceria dan bermanfaat!', 'car-free-day-solo-dan-keunikannya', 'https://www.youtube.com/watch?v=DWy7iQrxXZs', 'a', 'jpg', '2016-12-18 06:05:00', '2016-12-18 06:05:00', null, '1', '1', '0', '0');
INSERT INTO `posts` VALUES ('28', 'Kemegahan Solo International Performing Arts', 'SIPA atau Solo International Performing Arts adalah sebuah ajang pergelaran seni budaya berskala international dengan materi berupa seni pertunjukan. Sedangkan pertunjukan yang dimaksud wilayah genre seninya mulai dari seni tari, seni musik, hingga seni teater dan atau tidak menutup kemungkinan melebar ke wilayah seni yang lain. Pagelaran akbar ini akan dilaksanakan pada tanggal 8-10 september 2016 di Benteng Vastenburg, Solo.\nTonton review kemegahan SIPA tahun 2015, dan persiapkan diri kalian untuk menyaksikan SIPA 2016!', 'kemegahan-solo-international-performing-arts', 'https://youtu.be/BZWmORp5sdM', 'a', 'jpg', '2016-12-18 06:05:00', '2016-12-18 06:05:00', null, '1', '1', '0', '0');
INSERT INTO `posts` VALUES ('29', '\"MAHASWARA\" Solo International Performing Arts 2016', 'SIPA 2016 dengan membawakan tema “MAHASWARA” akan menampilkan 15 delegasi dalam Negeri dan 9 delegasi luar Negeri. Peningkatan delegasi terjadi terhadap SIPA 2016, tahun lalu SIPA menampilkan 13 delegasi dalam Negeri dan 5 delegasi luar Negeri. Itu artinya tahun ini SIPA menambahkan sejumlah 2 delegasi dalam negeri dan 4 delegasi luar Negeri dan delegasi akan terus meningkat dari tahun ketahun . Semua delegasi akan memeriahkan SIPA 2016 yang akan dilaksanakan pada tanggal 8,9 dan 10 September 2016.', 'mahaswara-solo-international-performing-arts-2016', 'https://www.youtube.com/watch?v=JoRXPdxmdcY', 'a', 'jpg', '2016-12-18 06:05:00', '2016-12-18 06:05:00', null, '1', '1', '0', '0');
INSERT INTO `posts` VALUES ('30', 'Collaboration Of Art (COA) 2016', 'Unit Kegiatan Mahasiswa Badan Koordinasi Kesenian Tradisional BKKT), Marching Band, dan Voca Erudita UNS kembali menyelenggarakan acara yang merupakan kegiatan rutin tahunan yaitu Collaboration Of Art (COA) yang berlangsung di halaman Gedung Pusat dr. Prakosa (gedung Rektor UNS) pada 2 Juni 2016 dan juga dihadiri oleh Prof. Dr. Ir. DARSONO M.Si. selaku Wakil Rektor Bidang Kemahasiswaan dan Alumni, Prof. Dr. JOKO NURKAMTO M.Pd. selaku Dekan FKIP serta pembina UKM BKKT, Marching Band, dan Voca Erudita UNS.\nAcara yang di mulai pada pukul 8 malam itu merupakan pergelaran gabungan dari 3 UKM seni terbesar yang ada di UNS. Ketiga UKM tersebut mengadakan pentas kolaborasi dalam rangka menjalin silaturahmi antar UKM dan sekaligus sebagai rangkaian dari acara Dies Natalis UNS.\nSelain menampilkan hiburan seni musik, pergelaran yang mengusung tema The Power of Classical Art ini juga menampilkan drama yang berjudul ‘Kupanah Udara, Ku Dapat Kembangnya’ yang merupakan karya dari Sutradara Hanindyawan.\nNamun sangat disayangkan pentas kolaborasi yang dilaksanakan di tempat outdor ini sempat tertunda sejenak karena turunnya hujan yang cukup deras dan akhirnya panitia memutuskan untuk melanjutkan pentas di teras Gedung Rektor UNS hingga pentas selesai.', 'collaboration-of-art-coa-2016', 'https://www.youtube.com/watch?v=N6qWo-taO5U', 'a', 'jpg', '2016-12-18 06:05:00', '2016-12-18 06:05:00', null, '1', '1', '0', '0');
INSERT INTO `posts` VALUES ('31', 'Warga Jenawi Memeriahkan HUT RI Ke 71 dengan Festival Pisang.', 'Pada hari kamis 11 Agustus 2016 camat Jenawi Rusmanto, S.H., M.M. menggelar event rutin tahunan yang cukup menarik yaitu Festival Jajanan Pisang Kecamatan Jenawi yang bertempat di halaman kantor Kecamatan Jenawi Karanganyar dan dibuka oleh Bapak camat Jenawi serta juga dihadiri oleh Ir. DIDIK JOKO M.Si selaku staf ahli Bupati yang mewakili Bupati Karanganyar karena berhalangan hadir.\nAcara ini merupakan festival yang menjajakan berupa aneka jajanan dari hasil olahan berbahan dasar pisang yang disediakan pada stan-stan dari seluruh desa tempat KKN mahasiswa UNS di Kecamatan Jenawi, SD, SMP, SMK,KUA, Puskesmas di Kecamatan Jenawi. Terlihat antusias warga jenawi dan respon positif pada festival ini. Setidaknya ada 4000-an warga yang datang dan mengikuti acara yang berlangsung pada festival ini. Festival yang diselenggarakan sekaligus memperingati HUT RI Indonesia ke-71 ini tidak hanya menjual olahan pangan yang berbahan dasar pisang namun juga dapat diambil secara gratis dengan kupon yang dibagikan dari acara jalan sehat yang berlangsung pada pagi harinya. Selain itu stan disini juga dinilai oleh juri dan akan dipilih yang terbaik dari segi olahan makanan berbahan dasar pisang dan dekorasi stan.\nDiharapkan peran serta mahasiswa KKN UNS yang berlangsung selama 45 hari ini dapat menjalin komunikasi yang  baik terhadap masyarakat jenawi sehingga setelah adanya KKN UNS ini dapat memberikan semangat dan motivasi kepada masyarakat agar lebih bias lebih berinovasi. Hal ini di benarkan oleh  RUSMANTO, SH, MM. bahkan beliau akan berkoordinasi dengan bupati dan WAKEPDA untuk menggelar festival ini tingkat kabupaten agar pemanfaatan pisang dapat dioptimalkan dengan baik di masyarakat umum.', 'warga-jenawi-memeriahkan-hut-ri-ke-71-dengan-festival-pisang', 'https://www.youtube.com/watch?v=ia428Q5BhHg', 'a', 'jpg', '2016-12-18 06:05:00', '2016-12-18 06:05:00', null, '1', '1', '0', '0');
INSERT INTO `posts` VALUES ('32', 'Kemeriahan Solo International Performing Arts (SIPA) 2016', 'Baru-baru ini telah diadakan ajang Pagelaran seni budaya berskala Internasional yaitu Solo Performing Arts (SIPA) 2016 di Benteng Vestenburg, Kamis (8/9/2016).\nAcara pembukaan dihadiri Deputi Bidang Pemasaran Badan Ekonomi Kreatif (Bekraf), Joshua Puji Mulia Simanjuntak, Wakil wali Kota Solo Ahmad Purnomo , dan Wali Kota Cheongsong, Korea, Hang Dong Son.\nDihari pertama, Kota Solo selaku tuan rumah mengirim empat delegasinya yakni Peni Candra Rini, Semarak Candra Kirana Art Center, Gondrong Gunarto, dan Sruti Respati. Nama-nama yang telah malang-melintang di jagad musik Tanah Air turut unjuk gigi. Sebut saja Dewa Budjana, Maya Hasan, Djaduk Ferianto & Kua Etnika, Vicky Sianipar, dan lainnya. Sedangkan Park Na Hoon Dance Company, Premijit Manipuri Dance Group, Philip Graulty, Blessing Chimanga, Rodrigo Parejo, Nadi, Neil Chua & Ruanatworkz menjadi perwakilan luar negeri.\nKemeriahan Solo International Performing Arts (SIPA) 2016 berlanjut di hari kedua. Sama seperti hari pertama, ada tujuh penampil yang menyemarakkan panggung SIPA 2016. Delegasi asal India, Premijit Manipuri Dance Group, membuka pergelaran malam itu. Salah satu aksi yang cukup mengundang perhatian penonton yakni stick dance. Diiringi bebunyian tambur, seorang penari melakukan atraksi juggling stik. Di india, stick dance merupakan seni bela diri. Penampil kedua adalah Trodon. Malam itu, grup musik asal Jakarta ini mengajak Fajar Satriadi untuk berkolaborasi. Fajar Satriadi adalah penari asal Kota Solo yang menjadi maskot SIPA 2015. Namun, dalam repertoar itu, Fajar tidak menari. Melainkan ia turut menyumbangkan suara bagi Trodon. Suara yang dikeluarkan Fajar bukanlah sembarang suara, Ia mencampur suara perut dan hembusan nafas untuk menghasilkannya. Fajar menyebut karyanya tersebut dengan “Nyanyian Angin”.\nSelain Trodon featuring Fajar Satriadi, SIPA 2016 hari kedua turut dihangatkan pula oleh Keteng-keteng Girls lewat karya “Beru Dayang Jile-jile”; permainan perkusi nan meriah oleh Nadi Singapura; kolaborasi Peni Candra Rini bersama Neil Chua, Rodrigo Parejo, Philip Graulty, dan Blessing Chimanga yang mengetengahkan “Maha Swara”; harmonisasi vokal dan cello oleh Duo Ubiet & Dimawan; serta pertunjukan musik folklore “Indoku Bumi Umaku Langi” oleh Komunitas Seni Tadulako.\nSabtu adalah hari terakhir pagelaran seni internasional, Solo International Performing Arts (SIPA) 2016 digelar di Benteng Vastenburg, Solo. Acara yang dimulai sekitar pukul 19.00 WIB tersebut akan menampilkan berbagai kejutan delegasi dalam negeri dan luar negeri. Pengisi-pengisi yang akan tampil dalam hari terakhir SIPA 2016 nanti secara urut yaitu Gondrong Gunarto and Friends (Solo), Elly D. Luthan – DLDC (Jakarta), Vicky Sianipar (Jakarta), Kolaborasi meliputi: Philip Graulty (USA), Blessing Chimanga (Zimbabwe), Rodrigo Parejo (Spanyol), Neil Chua (Singapura) dan Ruamatworkz (Malaysia), dan Maskot SIPAB2016 Peni Candra Rini. Terakhir Gangsadewa (Yogyakarta) dan Musim Keroncong Sruti Respati dan Indro Hardjodikoro (Jakarta).', 'kemeriahan-solo-international-performing-arts-sipa-2016', 'https://www.youtube.com/watch?v=vBnetpqKrzc', 'a', 'jpg', '2016-12-18 06:05:00', '2016-12-18 06:05:00', null, '1', '1', '0', '0');
INSERT INTO `posts` VALUES ('33', 'Peresmian Pabrik Baru PT. Dua Putra Utama Makmur. Tbk, oleh Menteri Koordinator Kemaritiman', 'Pada hari rabu tanggal 10 agustus 2016 , diadakan peresmian pabrik baru yang bergerak pada sektor perikanan yaitu PT. Dua Putra Utama Makmur. Tbk (DPUM), yang berlokasi di kabupaten pati, jawa tengah. Pabrik baru ini diresmikan oleh Luhut Binsar Pandjaitan selaku Menko Kemaritiman, serta menandai beroprasinya perluasan fasilitas produksi baru PT. Dua Putra Utama Makmur Tbk.\nperusahaan ini di gawangi oleh 5 pengusaha muda menyebut dirinya sebagai pandawa lima, yaitu terdiri dari Witiarso selaku Direktur Utama, Witjaksono selaku Komisaris Utama, Risma Ardhi, Aris Widiarto dan Bambang Mahendra. \nPabrik dan fasilitas baru ini selain akan menyerap tenaga kerja yang cukup banyak, juga akan memberikan kontribusi positif terhadap pertumbuhan ekonomi masyarakat sekitar dan para nelayan. Harapan dari perusahaan ini, usaha dalam bidang perikanan dapat diikuti oleh industri2 yang lain, sehingga industri perikanan indonesia dpt berkembang lebih baik dan pada akhirnya Indonesia menjadi raksasa maritim dunia.', 'peresmian-pabrik-baru-pt-dua-putra-utama-makmur-tbk-oleh-menteri-koordinator-kemaritiman', 'https://www.youtube.com/watch?v=Is4U2Hm9Yy0', 'a', 'jpg', '2016-12-18 06:05:00', '2016-12-18 06:05:00', null, '1', '1', '0', '0');
INSERT INTO `posts` VALUES ('34', 'Luhut Binsar Pandjaitan bangga atas Pandawa Lima PT Dua Putra Utama Makmur Tbk.', 'Dalam sambutan peresmian pabrik baru PT Dua Putra Utama Makmur Tbk. di Kota Pati Menko Kemaritiman Indonesia Bapak Luhut Binsar Pandjaitan menyampaikan rasa bangga. Generasi muda bangsa Indonesia bisa berprestasi dibidang entrepreneur. Sebab karena untuk membuat suatu perusahaan yang berbentuk Tbk. itu tidaklah mudah.\nPT Dua Putra Utama Makmur Tbk. didirikan oleh lima pengusaha muda yang menyebut dirinya sebagai pandawa lima. Terdiri dari Witiarso selaku Direktur Utama, Witjaksono selaku Komisaris Utama, Risma Ardhi, Aris Widiarto dan Bambang Mahendra. Pak Luhut di sambutannya merasa bangga atas pandawa lima ini. Mereka mendirikan perusahaan dengan visi misi yang sejalan dengan pemerintah dan ingin lebih mengoptimalkan sektor kemaritiman Indonesia yang perlu diperluas. Bapak Menteri juga menambahkan agar kedepannya perusahaan ini bisa membuat UKM agar lebih bisa optimal eksplorasi sumber daya laut Indonesia.\nHarapan Pak Luhut agar Indonesia bisa menjadi Negara mandiri dalam mengolah hasil perikanan. Semua bisa diolah di dalam negeri tanpa ada intervensi asing dan bisa banyak menyerap sumber daya manusia dalam negeri lebih banyak.', 'luhut-binsar-pandjaitan-bangga-atas-pandawa-lima-pt-dua-putra-utama-makmur-tbk', 'https://www.youtube.com/watch?v=w7kGTFRyJX8', 'a', 'jpg', '2016-12-18 06:05:00', '2016-12-18 06:05:00', null, '1', '1', '0', '0');
INSERT INTO `posts` VALUES ('35', 'OPENING FESTIVAL TNI-UNS Techno military', 'Untuk memperingati Festival perayaan hari kebangkitan teknologi nasional ke – 21 UNS bekerja sama dengan TNI untuk menyelenggarakan Festival TNI-UNS Techno military yang mulai terselenggara hari rabu 10 Agustus 2016 di lingkungan kampus Universitas sebelas maret Surakarta. Festival ini juga membuka beberapa stand pengenalan tentang alutsista yang dimiliki oleh TNI dan pameran hasil karya taruna TNI. Banyak acara yang akan diselenggarakan selama festival berlangsung salah satunya marching band kesatuan Akademi Angkatan Udara Yogyakarta, atraksi barongsai dari kesatuan Yon Arhanud-15 serta masih banyak pertunjukan lain.\nFestival TNI-UNS techno military ini di buka dengan pertunjukan Marching band dari taruna AAU dari Akademi AAU Yogyakarta dengan nama “Gita Dirgantara”. Pertunjukan ini di mulai dari Jl. Ki Hajar Dewantara tepatnya gerbang belakang kampus UNS kemudian menuju perempatan Sekarpace hingga finish di gerbang depan kampus UNS Jl. Ir Sutami. Cuaca panas matahari tidak meruntuhkan semangat para taruna AAU ini untuk mempersembahkan pertunjukan eksklusif kepada masyarakat kota solo. Beberapa atraksi ekstrem tidak jarang di tampilkan oleh bass drum marching band taruna AAU ini. Seperti atraksi mengangkat bass drum menggunakan gigi , membuat pyramid dari bass yang kemudian di naiki oleh majoret dan masih banyak atraksi – atraksi memukau lainnya. Acara ini mendapat respon positif dari masyarakat khususnya masyarakat kota Solo. Hal ini di buktikan dengan ramainya masyarakat yang mengunjungi kampus UNS sedari pagi acara ini dimulai.\nFestival ini akan berlangsung selama 3 hari dan berakhir pada besok hari jumat 12 Agustus 2016. Festival ini merupakan festival perdana yang di adakan oleh TNI di lingkungan kampus. Ketua panitia bidang pameran lustrum ke-8 Ary Setyawan menyatakan bahwa ini sebagai pembuka jalan kerja sama dengan TNI. ', 'opening-festival-tni-uns-techno-military', 'https://www.youtube.com/watch?v=JaU8HgLzhFw', 'a', 'jpg', '2016-12-18 06:05:00', '2016-12-18 06:05:00', null, '1', '1', '0', '0');
INSERT INTO `posts` VALUES ('36', 'STAND AKMIL DAN INFORMASI PENERIMAAN TNI', 'Beberapa stand TNI menghiasi lingkungan kampus UNS pada festival TNI – UNS TECHNO MILITARY Rabu, 10 Agustus 2016. Disini tidak hanya stand alutsista dan perlengkapan senjata, namun informasi tentang penerimaan TNI juga dibuka.\nDi temui pada stand akademi militer Johan Arivano selaku sersan atau taruna tingkat 4 ini mengaku mendaftar akmil tidak hanya proporsi tubuh yang ideal namun harus memiliki standar nilai yang tinggi. “tujuan kami untuk stand ini adalah memperkenalkan akmil kepada masyarakat sipil dan berharap menarik minat para pemuda pemudi untuk bergabung di akademi militer” tuntas johan. \nDisisi lain, stand penerimaan TNI ramai dikunjungi. Selain gratis pendaftaran ini dilakukan secara online. Stand perwakilan dari Ajendam ini membuka pendaftaran dengan syarat garis besar berbadan sehat , WNI serta berkelakuan baik. Untuk prosesnya sendiri , para calon TNI mendaftarkan secara online kemudian petugas akan mencetak data kemudian ke Ajenram untuk validasi lalu menyelesaikan tes – tes berikutnya. “harapan saya masyarakat agar berbondong – bonding untuk mendaftar menjadi TNI agar Negara Indonesia semakin kuat” tutur Mujiyono Sersan Mayor Kesatuan Ajenram 074 Surakarta.', 'stand-akmil-dan-informasi-penerimaan-tni', 'https://www.youtube.com/watch?v=8NH6swb7Yys', 'a', 'jpg', '2016-12-18 06:05:00', '2016-12-18 06:05:00', null, '1', '1', '0', '0');
INSERT INTO `posts` VALUES ('37', 'Stand TNI AU Adi Soemarmo dan Stand STTAL Mencuri Perhatian Pengunjung', 'Dari banyaknya stand pameran TNI ada dua stand yang mencuri perhatian pengunjung pameran TNI-UNS. Kedua stand itu stand milik TNI AU Adi Soemarmo dan STTAL. Stand TNI AU menampilkan beberapa alutsista yang dimiliki dan uniknya beberapa alutsista tersebut bisa digunakan untuk pengunjung berfoto selfie. Disamping itu stand STTAL menampilkan hasil karya mahasiswanya berupa pesawat tanpa awak. \nTNI AU menampilkan beberapa alat yang mereka miliki seperti sistem radar, rudal mavericks dan lain sebagainya. Stand ini juga mendatangkan senjata dari Skuadron 3. “Kami berharap masyarakat memahami dan mengenal peralatan – peralatan atau alutsista yang dimiliki TNI AU.” Kata Mayor Elektronika Ruadi Puja Antara.\nSedangkan STTAL memamerkan produk unggulan mereka hasil karya mahasiswanya. Produk pertama pesawat tanpa awak yang bisa memantau keadaan wilayah musuh dan bisa menjatuhkan bom seberat 5 Kg. Kedua Pendeteksi sonar untuk mendeteksi kapal selam musuh yang masuk ke wilayah Indonesia. Harapan kedepannya measyarakat bisa memberi masukan dan berkontribusi ke STTAL dalam menjaga kedaulatan NKRI.', 'stand-tni-au-adi-soemarmo-dan-stand-sttal-mencuri-perhatian-pengunjung', 'https://www.youtube.com/watch?v=Zd4_T2ARS0w', 'a', 'jpg', '2016-12-18 06:05:00', '2016-12-18 06:05:00', null, '1', '1', '0', '0');
INSERT INTO `posts` VALUES ('38', 'KEBUDAYAAN & NASIONALISME KOTA SOLO (HUTRI Ke-71)', 'KEBUDAYAAN & NASIONALISME KOTA SOLO (HUTRI Ke-71)\n\nKota solo, tiap tahunnya selalu melaksanakan upacara bendera dalam rangka memperingati detik-detik proklamasi. Dan pada tahun ini upacara tersebut dilaksanakan di stadion Sriwedari Solo.\nUpacara dilaksanakan pada hari rabu, 17 Agustus 2016 pada pukul 09.00 WIB dan dihadiri oleh seluruh pegawai negeri sipil kota Surakarta serta perwakilan siswa dan siswi sekolah di kota Solo. Sebelum upacara dimulai acara ini dimeriahkan dengan tari budaya dalam rangka melestarikan budaya dalam rasa nasionalisme. Hal ini bertujuan agar kebudayaan jawa tengah bisa tetap bertahan dan lestari.\nHal yang ditunggu-tunggu dalam upacara bendera salah satunya adalah pelaksanaan pengibaran bendera Merah Putih. \nPaskibraka yang bertugas mengibarkan bendera terlihat sangat professional dan alhasil pengibaran bendera berakhir dengan sangat baik. Apresiasi dari peserta upacara terlihat saat pasukan Paskibraka berjalan keluar lapangan, mereka memberikan tepuk tangan yang sangat meriah karena merasa senang dengan hasil kerja para pasukan Parkibraka.\nSemoga dengan ini seluruh warga solo akan semakin mengerti arti proklamasi, semakin besar rasa nasionalismenya, serta dapat memahami bahwa melestarikan kebudayaan adalah satu tindakan yang baik sebagai bangsa Indonesia.\n', 'kebudayaan-nasionalisme-kota-solo-hutri-ke-71', 'https://www.youtube.com/watch?v=PnDfDsLghdE', 'a', 'jpg', '2016-12-18 06:05:00', '2016-12-18 06:05:00', null, '1', '1', '0', '0');
INSERT INTO `posts` VALUES ('39', 'Pembukaan Rencana Diklat Calon Kepala Sekolah oleh Kepala LPPKS Indonesia.', 'Pembukaan rencana diklat calon kelapa sekolah yang dilaksanakan pada hari jumat tanggal 19 agustus 2016 di Gedung Utama LPPKS Lantai 5 Gondangrejo Karanganyar , dibuka oleh kepala LPPKS Indonesia Prof. Dr. Siswandari, M.Stats. Dihadiri oleh widyaiswara LPPKS serta Peserta dari perwakilan pengawas sekolah dan dinas pendidikan kab/kota . Dalam kegiatan ini dihimbau supaya dinas kab/kota menjadi agen perubahan di bidang pendidikan. Harus menyuarakan bahwa sekolah itu adalah satu-satunya pusat keunggulan karena seperti yang diketahui bahwa semua pejabat tinggi negara pasti berasal dari sekolah. oleh sebab itu Prof. Dr. Siswandari, M.Stats berharap awal dari program penyiapan calon kepala sekolah ini dengan sunguh-sunguh dan menghimbau kepada perwakilan pengawas sekolah dan dinas pendidikan kab/kota untuk merangkul kepala sekolah agar menjadi baik karena kepala sekolah yang baik akan bisa membina guru-guru menjadi baik. \nTujuan diadakannya acara ini diharapkan dapat meningkatkan kreativitas dan kompetitifnes indeks secara pribadi dan dapat di tularkan kepada semua kepala sekolah, guru, pengawas sekolah, dan semua yang terlibat di dunia pendidikan.', 'pembukaan-rencana-diklat-calon-kepala-sekolah-oleh-kepala-lppks-indonesia', 'https://www.youtube.com/watch?v=be8F3aSBwzU', 'a', 'jpg', '2016-12-18 06:05:00', '2016-12-18 06:05:00', null, '1', '1', '0', '0');
INSERT INTO `posts` VALUES ('40', 'Lomba Orienteering Brahmahardhika XIX Tingkat Nasional.', 'Setelah sukses menyelenggararan lomba Orienteering sebanyak delapan belas (18) kali, pada tahun ini dengan tujuan meningkatkan sportifitas dan dalam rangka memperingati Hari Kemerdekaan Republik Indonesia ke-71, Brahmahardhika Mapala FKIP UNS kembali menggelar Lomba Orienteering Brahmahardhika XIX Tingkat Nasional pada Minggu, 14 Agustus 2016.\nKali ini organisasi yang ruang lingkupnya di alam terbuka itu memilih Desa Gumeng Kecamatan Jenawi Kabupaten Karanganyar sebagai lokasi Perlombaan Orienteering yang berlangsung dari pukul 7 pagi dengan titik start dan finish yang bertempat di SDN 01 Gumeng, serta dihadiri juga oleh Bapak Sutopo selaku Lurah Gumeng dan Pardi S.Ag selaku kepala sekolah SDN 01 Gumeng .\nAdapun Orienteering merupakan salah satu cabang olahraga outdoor yang membutuhkan kemampuan dan keterampilan navigasi para pemainnya. Kata Orienteering yang mempunyai arti “melintasi suatu daerah yang tidak diketahui (unknown land) dengan bantuan peta dan kompas”.\nLomba Orienteering adalah suatu lomba dimana peserta berlomba untuk mendapatkan titik kontrol yang terdapat pada tanah, dengan waktu secepat mungkin dan bantuan peta dan kompas baik individu maupun kelompok.\nSelain lomba Orienteering acara tersebut juga dimeriahkan oleh pertunjukan Reog yang berlangsung untuk hiburan kepada masyarakat setempat sambil menunggu peserta lomba hingga mencapai garis finish.\nLomba Orienteering Brahmahardhika XIX Tingkat Nasional 2016 ini diikuti oleh Mahasiswa, Pelajar, dan Umum dalam kategori Umum Putra dan Putri. \nAdapun hasil akhir Lomba Orienteering Brahmahardhika XIX Tingkat Nasional Tahun 2016 adalah sebagai berikut:\nUmum Putra\n1. INA1 Dinamik FT UMS dengan total poin 2120\n2. MOC Metala FEB UMS dengan total poin 1680\n3. Geo11 dengan total poin 1610\nUmum Putri\n1. MOC 3 Metala FEB UMS dengan total poin 1030\n2. MOC 2 Metala FEB UMS dengan total poin 910\n3. EM 3 MEPA UNS dengan total poin 700', 'lomba-orienteering-brahmahardhika-xix-tingkat-nasional', 'https://www.youtube.com/watch?v=7fgo0yr4YVs', 'a', 'jpg', '2016-12-18 06:05:00', '2016-12-18 06:05:00', null, '1', '1', '0', '0');
INSERT INTO `posts` VALUES ('41', 'UNS Melantik 8.498 Mahasiswa dari 284.801 Pendaftar.', 'Sebanyak 8.498 mahasiswa baru Universitas Sebelas Maret (UNS) tahun akademik 2016/2017 yang juga termasuk 9 orang hasil seleksi Afirmasi Pendidikan Tinggi (ADik) dan 8 orang mahasiswa asing dilantik pada hari Kamis 18 Agustus 2016 bertempat di halaman Kantor Pusat Gedung dr. Prakosa yang diikuti mahasiswa diploma, sarjana, dan program pascasarjana.Dari sebanyak 284.801 peminat yang mendaftar untuk menjadi mahasiswa UNS, hanya 8.481 kuota penerimaan yang tersedia di UNS. Program sarjana memiliki 5.503 mahasiswa dari 3 jalur masuk dengan pendaftar sebanyak 208.451 orang yang memiliki tingkat keketatan dari SNMPTN 1:26, SBMPTN 1:29, dan SM UNS 1:99. Program diploma memiliki 1.867 mahasiswa dengan pendaftar sebanyak 73.379 orang dengan tingkat keketatan 1:39. Program pascasarjana terdiri dari program magister dengan 979 mahasiswa yang merupakan hasil seleksi dari 2.701 pendaftar dengan tingkat keketatan 1:3, dan program doktoral sebanyak 132 mahasiswa dari hasil seleksi 270 pendaftar dengan tingkat keketatan 1:2.\nSebanyak 5.503 mahasiswa program sarjana terbagi dalam 10 fakultas yang terdiri dari FIB (280), FSRD (231), FKIP (1.951), FH (475), FEB (330), FISIP (352), FK (352), FAPERTA (591), FT (513) dan FMIPA (428). Sedangkan, 1.867 mahasiswa program diploma terbagi dalam 8 fakultas yaitu FIB (140), FSRD (77), FEB (359), FISIP (350), FK (375), FAPERTA (224), FT (192), dan FMIPA (150). \nTingkat keketatan SNMPTN 1:26, SBMPTN 1:29, dan SM UNS 1:99.', 'uns-melantik-8498-mahasiswa-dari-284801-pendaftar', 'https://www.youtube.com/watch?v=GBrFgR8ubdY', 'a', 'jpg', '2016-12-18 06:05:00', '2016-12-18 06:05:00', null, '1', '1', '0', '0');
INSERT INTO `posts` VALUES ('42', 'Tung Desem Waringin Memeriahkan Pelantikan Mahasiswa Baru UNS Tahun 2016/2017.', 'Universitas Sebelas Maret (UNS) Surakarta melantik sebanyak 8.498 mahasiswa baru (maru) tahun akademik 2016/2017 yang berlangsung di halaman Kantor Pusat Gedung dr. Prakosa pada hari Kamis 18 Agustus 2016. Acara pelantikan tersebut diikuti mahasiswa diploma, sarjana, dan program pascasarjana yang diharapkan ke depan agar menjadi orang sukses dan menjadi pelopor serta pemimpin bangsa.\nMahasiswa UNS akan dipacu, dididik, dan diberikan kesempatan yang luas untuk berprestasi dengan memaksimalkan dan memanfaatkan fasilitas-fasilitas yang sudah disediakan di UNS. Prof. Ravik mengatakan bahwa untuk meningkatkan produktivitas dan daya saing bangsa kita harus bisa melakukan adaptasi terhadap perubahan dan tuntutan perkembangan tersebut maka dari itu beliau menghimbau agar mahasiswa harus memiliki dan menjaga komitmen sebagai mahasiswa UNS yang berorientasi kemajuan dan prestatif.\nDi akhir sambutannya, Prof. Ravik menyatakan secara resmi melantik mahasiswa baru tahun ajaran 2016/2017. Usai mengikuti upacara pelantikan, mahasiswa baru UNS mengikuti kuliah umum dari motivator ternama, Tung Desem Waringin yang merupakan alumni Fakultas Hukum UNS tahun 1987 dan pernah dinobatkan sebagai The Most Powerfull People and In Ideas in Business 2005 versi Majalah Swa. Ia diikenal juga sebagai konsultan dan pembicara yang telah tampil di hadapan lebih dari 100.000 orang dari berbagai penjuru dunia.\nPada kuliah umum nya seorang yang terpilih sebagai 100 Alumni UNS Berprestasi pada tahun 2013 itu menyampaikan materi tentang tiga kunci sukses belajar seperti meluangkan waktu untuk membaca, memastikan untuk memahami materi, dan membiasakan mengerjakan soal-soal tahun lalu. Selain itu Tung juga melanjutkan kuliah umumnya tentang bisnis dan mengajak mahasiswa untuk memulai bisnis sejak dini.', 'tung-desem-waringin-memeriahkan-pelantikan-mahasiswa-baru-uns-tahun-20162017', 'https://www.youtube.com/watch?v=0d5anncNb9k', 'a', 'jpg', '2016-12-18 06:05:00', '2016-12-18 06:05:00', null, '1', '1', '0', '0');
INSERT INTO `posts` VALUES ('43', 'OSMARU UNS Berubah Menjadi PKKMB UNS 2016.', 'Berbeda dengan tahun sebelumnya pada masa pengenalan kampus bagi mahasiswa baru yang menggunakan istilah OSMARU atau Orientasi Mahasiswa Baru, pada tahun ini UNS menggunakan istilah PKKMB yang merupakan singkatan dari Program Kenal Kampus Mahasiswa Baru. Perubahan ini berdasarkan Surat Keputusan Direktur Jendral Pendidikan Tinggi Nomor 25 Tahun 2014 tentang Panduan Umum Pengenalan Kehidupan Kampus Bagi Mahasiswa Baru.Rangkaian kegiatan PKKMB berlangsung selama 4 hari dari tanggal 18 sampai 21 Agustus 2016.\nPKKMB yang mengusung tema “Meningkatkan Rasa Cinta Almamater, Tanah Air, dan Bangsa dalam Semangat Juang Tri Darma Perguruan Tinggi” ini diawali dengan upacara pembukaan serta kuliah umum oleh Tung Desem Waringin dan di akhiri dengan penutupan rangkaian PKKMB berupa acara UNS Student Vaganza yang juga menjadi pemecahan rekor Museum Rekor-Dunia Indonesia (MURI) “Shuttlecock Juggling” yang didukung oleh Kementerian Pemuda dan Olahraga (Kemenpora) RI. Pemecahan rekor MURI itu dilaksanakan di Stadion UNS Kampus Kentingan.\nDiharapkan dengan adanya ser angkaian acara PKKMB UNS 2016 ini semakin menumbuhkan kecintaan mahasiswa baru terhadap kampus dan menumbuhkan semangat membangun negeri agar mahasiswa baru nantinya bisa menjadi orang-orang yang membanggakan almamater serta Indonesia.', 'osmaru-uns-berubah-menjadi-pkkmb-uns-2016', 'https://www.youtube.com/watch?v=-oNWph3A30g', 'a', 'jpg', '2016-12-18 06:05:00', '2016-12-18 06:05:00', null, '1', '1', '0', '0');
INSERT INTO `posts` VALUES ('44', '\"One Day One Shot\" dalam Setahun oleh Maulana Surya', 'Maulana Surya seorang Fotografer asal kota Solo melalui kegemaraannya, fotografi, dia melakukan satu projek selama 365 hari ditahun 2015 dengan metode memotret “satu hari satu foto”. Wajah masyarakat Kota Solo yang dinamainya sebagai “tetangga” dibidik konsisten menggunakan lensa 50mm. Hasil jepretan Maulana ditampilkan dalam pameran tunggal bertajuk “Faces of Solo” , yang diadakan di Lumbung Batik Laweyan Solo pada tanggal 27-29 Agustus 2016. \n\n“Apa yang telah ditangkap pada kamera saya adalah wajah dari tetangga saya. Wajahku, dan mereka, adalah wajah dari Solo. Anda dapat melihat Solo di wajah saya, seperti yang Anda lihat Solo di mereka. Untuk alasan ini, saya sebut proyek foto ini \"Wajah Solo\".” Kata Maulana Surya disela wawancara. \n\nSelain menggelar Photo Exhibition Maulana juga membuat versi cetakan untuk hasil karya yang dipamerkan. Versi cetak dari hasil karya Maulana dibuat desain yang menarik. Detail buku bisa langsung menuju web facesofsolo.com', 'one-day-one-shot-dalam-setahun-oleh-maulana-surya', 'https://www.youtube.com/watch?v=zf6TVVXZGnU', 'a', 'jpg', '2016-12-18 06:05:00', '2016-12-18 06:05:00', null, '1', '1', '0', '0');
INSERT INTO `posts` VALUES ('45', 'UNS Student Vaganza Rekor MURI Juggling Shuttlecock', 'Acara Dimeriahkan Para Legendaris Bulu Tangkis Indonesia.\nUniversitas Sebelas Maret Surakarta berkerja sama dengan Kantor Kementrian Pemuda & Olahraga dan Fatigon menyelengarakan Student Vaganza sebagai bagian BKKMP UNS 2016 dengan tema Gerakan Aktiv Mendukung Indonesia Berprestasi bertempat di Stadion UNS pada Minggu, 21 Agustus 2016. Acara yang memiliki semboyan ayo olahraga dan ayo bergerak itu diharapkan mampu mendorong mahasiswa menjadi sehat dan semangat untuk indonesia hebat. Student vaganza merupakan acara pamungkas dalam Program Kenal Kampus Mahasiswa Baru UNS 2016 Yang dibuka dengan gelaran flash mob yang diikuti Prof. Ravik selaku rektor UNS, Dr Raden Isnanto selaku deputi bidang pembudayaan olahraga , asisten deputi pengelolahan olahraga pendidikan, pimpinan universitas & fakultas, serta seluruh mahasiswa baru UNS 2016. Acara ini merupakan hari terakhir pelaksanaan BKKMP yang sudah berjalan sejak Kamis 18 Agustus lalu.\nDimeriahkan dan diharidi oleh pada legendaris bulu tangkis indonesia, ricki subagja, hariyanto arbi, luluk hadiyanto, dan pelatih pebulu tangkis taufik hidayat yaitu Mulyo Handoyo, bersama 8.565 mahasiswa baru UNS serta siswa sekolah dasar, sekolah menengah pertama, sekolah menengah atas, serta sekolah luar biasa se-Soloraya bersama-sama mereka mencetak rekor muri juggling shuttlecock oleh pemain terbanyak dengan Masing-masing peserta melakukan juggling shuttlecock dan memukul 71 kali pukulan sebagai penanda peringatan Hari Ulang Tahun (HUT) ke-71 Republik Indonesia (RI). Prof. Ravik menuturkan pemecahan rekor Muri yang menjadi bagian dalam acara BKKMP itu diharapkan mampu menggelorakan kembali kecintaan masyarakat terhadap bulu tangkis. Menurutnya, momentum raihan medali emas Olimpiade semestinya menjadi tonggak kebangkitan bulutangkis Indonesia.', 'uns-student-vaganza-rekor-muri-juggling-shuttlecock', 'https://www.youtube.com/watch?v=kZoV6v0uHyE', 'a', 'jpg', '2016-12-18 06:05:00', '2016-12-18 06:05:00', null, '1', '1', '0', '0');
INSERT INTO `posts` VALUES ('46', 'Penghargaan MURI Kepada KEMENPORA, UNS, Fatigon dan PT. Victor', 'Mahasiswa baru UNS berjumlah 8.565 berhasil melakukan juggling shuttlecock sebanyak 71 kali pukulan, pada acara Student Vaganza yang diselenggarakan oleh kerja sama antara Kementrian Pemuda dan Olahraga, Universitas Sebelas Maret Surakarta dan Fatigon, piagam penghargaan museum rekor dunia indonesia (MURI) dianugrahkan kepada kemenpora, UNS serta sponsor fatigon spirit dan PT. victor indonesia dengan rekor pemrakarsa, penyelenggara dan pendukung juggling dengan shuttlecock oleh pemain terbanyak 8.565 pemain. Selain sebagai perayaan HUT RI, pemecahan rekor juggling shuttlecock juga digelar untuk merayakan keberhasilan pasangan ganda campuran Indonesia, Tontowi Ahmad/Liliyana Natsir, merebut medali emas Olimpiade 2016 di Rio de Janeiro, Brasil, beberapa hari lalu.\n\nAcara ini Dimeriahkan dan diharidi oleh pada legendaris Bulu Tangkis Indonesia, Ricki Subagja, Hariyanto Arbi, Luluk Hadiyanto, dan pelatih pebulu tangkis Taufik Hidayat yaitu Mulyo Handoyo. Prof. Ravik berharap acara ini mampu menggelorakan kembali kecintaan masyarakat terhadap bulu tangkis. Hal senada diungkapkan Ricky Subagja. Dia berharap acara juggling shuttlecock kali ini bisa menggelorakan lagi kecintaan masyarakat kepada bulu tangkis. Dengan semangat tinggi yang dimiliki masyarakat, prestasi atlet-atlet bulu tangkis Indonesia juga diharapkan meningkat. Melalui olahraga kemenpora berharap mahasiswa dapat membantu membudayakan olahraga dan memperkenalkan kepada masyarakat dimana bulu tangkis harus di masalkan kembali. Sehingga memudahkan pada pemandu bakat untuk mendapatkan bibit-bibit unggul, sehingga olimpiade selanjutnya kedepan akan memberikan alternatif medali di nomer yang lain.', 'penghargaan-muri-kepada-kemenpora-uns-fatigon-dan-pt-victor', 'https://www.youtube.com/watch?v=9A4ZDf5vVDM', 'a', 'jpg', '2016-12-18 06:05:00', '2016-12-18 06:05:00', null, '1', '1', '0', '0');
INSERT INTO `posts` VALUES ('47', 'Pembukaan Kegiatan Pengembangan Bahan Ajar Digital Diklat Online Supervisi.', 'Pembukaan kegiatan pengembangan bahan ajar digitat diklat online supervisi yang dilaksanakan pada hari kamis tanggal 25 agustus 2016 di Gedung Utama LPPKS Lantai 3 Gondangrejo Karanganyar , dibuka oleh kepala Seksi Sitem Informasi LPPKS Indonesia Medira Ferayanti, S.S., M.A. Dihadiri oleh praktisi pendidikan dari LPMP dan sekolah (kepala sekolah dan pengawas) serta staff LPPKS . Dalam kegiatan ini dihimbau supaya ada peningkatan kompetensi kepala sekolah khusus nya kompetensi supervisi, karena sebelumnya diklat dilakukan dengan tatap muka, tetapi dalam kegiatan ini LPPKS mengembangkan diklat supervisi secara online yang bertujuan untuk keefektifan berjalannya diklat supervisi. Hasil yang diharapkan dari kegiatan ini yaitu dapat menghasilkan bahan ajar dalam bentuk digital yang akan dipergunakan dalam diklat supervisi yang berbasis online.', 'pembukaan-kegiatan-pengembangan-bahan-ajar-digital-diklat-online-supervisi', 'https://www.youtube.com/watch?v=5aQqGI1fzp8', 'a', 'jpg', '2016-12-18 06:05:00', '2016-12-18 06:05:00', null, '1', '1', '0', '0');
INSERT INTO `posts` VALUES ('48', 'Event Pasar Anathema 2016', 'ASDI (Akademi Seni dan Desain Indonesia) Surakarta mengadakan event dengan tema “Manual Distortion” / At kampus ASDI Surakarta (depan masjid kampus 1 ums) pada hari Jumat 25 Agustus 2016. Event tersebut diisi oleh serangkian acara dianatranya. BAZAAR yang akan diramaikan oleh Jana Double Bag, Omah Craft Benaya, Margrit, Sunrise Republic, Magus, Ukm Asdi, Doc.Murphys, Piqjewelry, CREATIVE WORKSHOP dengan menghadirkan  @alib.isa (hand lettering), @diexgrey (pointillism drawing), @shesavaxter_screenprinter (screen printing), Evita Dewi Merah Ayu (drapping) terdapat pula LIVE MURAL dengan kontestan dari  @surakarya, @penahitam.solo, @anathemaart, kemudian serangkaian acara tersebut ditutup oleh LIVE ACOUSTIC yang mendatangakan Remote Control, Bekawan Official and Friends, Anthm Noise, Mantapgan. Acara yang digelar ASDI ini merupakan ajang hiburan gratis kepada masyarakat solo. Sehingga masyarakat dapat masuk, dan melihat pertunjukan yang diselenggarakan selama 2 hari ini. Event ini akan berakhir pada hari Sabtu 27 Agustus 2016. Ketua Panitia Event Anathema boyz from ASDI Amri menambahkan bahwa acara ini bertujuan untuk menunjukan bahwa hasil seni dan desain dari hasil teknik konvensional tidak kalah saing dengan hasil dari teknik digital dan teknik tersebut masih eksis sampai detik ini.', 'event-pasar-anathema-2016', 'https://youtu.be/YDfYYjm509Q', 'a', 'jpg', '2016-12-18 06:05:00', '2016-12-18 06:05:00', null, '1', '1', '0', '0');
INSERT INTO `posts` VALUES ('49', 'Talkshow  \"Kupas Tuntas Prosedur Keselamatan dan Pembuataan Film Dokumenter\"', 'UKM MAPALA Fakultas teknis Universitas Sebelas maret surakarta menggelar salah satu program kerja tahunan yaitu Talkshow \"Kupas Tuntas Prosedur Keselamatan dan Pembuataan Film Dokumenter\" pada hari Sabtu 27 Agsutus 2016. Mengundang WANANDRI organisasi pecinta Alam pertama di indonesia acara talkshow ini digelar di gedung pusdiklat UNS. Talkshow yg berlangsung selama kurang lebih 4 jam ini membahas tentang bagaimana caranya mendokumentasikan kegiatan outdoor secara safety khususnya dalam pendakian gunung yang dimana dewasa ini /kegiatan ini makin banyak diminati para muda – mudi. //Dua diantara ekspeditor AKSA7/, Anggi Frisca /dan Teguh Rahmadi, menjadi pembicara dalam Talkshow ini. Akan ditemani oleh salah satu Ketua Tim Ekpedisi Pemanjatan Tebing Tondoyan Kalimantan Timur Wanandri 2012 yaitu Indra Hidayat.', 'talkshow-kupas-tuntas-prosedur-keselamatan-dan-pembuataan-film-dokumenter', 'https://www.youtube.com/watch?v=JII_ixn7w-I', 'a', 'jpg', '2016-12-18 06:05:00', '2016-12-18 06:05:00', null, '1', '1', '0', '0');
INSERT INTO `posts` VALUES ('50', 'Pameran Mini yang Maksimal (Minimax - TBJT)', 'Pameran unik dengan tema \"MINIMAX\" yaitu bertujuan membuat pameran dalambentuk mini namun hasilnya maksimal. pameran ini di adakan dalam rangka Education Management Art diusung oleh Mahasiswa Pascasarjana Pendidikan Seni dan budaya. pelaksanaan pameran ini dilaksanakan pada tanggal 26-28 agustus di Taman Budaya Jawa Tengah (TBJT). \n\nAcara ini dibuka untuk umum dengan biaya masuk gratis. Terdapat hal yang menarik pada pameran ini diantaranya, screening film dokumenter, pameran karya seni, serta pagelaran musik.\n', 'pameran-mini-yang-maksimal-minimax-tbjt', 'https://www.youtube.com/watch?v=q_anYykjB1U', 'a', 'jpg', '2016-12-18 06:05:00', '2016-12-18 06:05:00', null, '1', '1', '0', '0');
INSERT INTO `posts` VALUES ('51', 'Festival Unik di Kelurahan Jebres (Festival Jebres 2016)', 'Semarak hari ulang tahun Republik Indonesia ke-71 lagi-lagi tidak disia-siakan oleh Kota Solo. Kini giliran kelurahan jebres yang unjuk gigi dalam menampilkan acara yang cukup memikat warga Solo dan sekitarnya.\n\nFestival Jebres 2016 merupakan sebuah langkah awal untuk menggali potensi pemuda-pemudi di kawasan kelurahan Jebres. \n\nFestival yang diadakan di Taman Cerdas Jebres Surakarta pada 26-28 Agustus 2016 ini menampilkan banyak hal-hal menarik diantaranya: Seleksi Mas dan Mbak Jebres, Penampilan teater, Lomba Vocal Group dan lainnya. \n\n\"Banyak warga solo bahkan warga luar kota solo yang antusias untuk menghadiri festival ini, selain gratis juga banyak spot-spot yang unik untuk dijadikan tempat selfie\"', 'festival-unik-di-kelurahan-jebres-festival-jebres-2016', 'https://www.youtube.com/watch?v=LRBv3TOJEmI', 'a', 'jpg', '2016-12-18 06:05:00', '2016-12-18 06:05:00', null, '1', '1', '0', '0');
INSERT INTO `posts` VALUES ('52', 'Serunya Expo Mahasiswa Baru UNS 2016', 'Sebuah kegiatan rutin setiap tahunnya, Universitas Sebelas Maret selalu mempromosikan UKM yang ada di kampus kepada Mahasiswa Barudengan cara membungkusnya menjadi Expo UNS.\n\nPada tahun ini, kegiatan pameran UKM ini dilaksanakan selama 6 hari yakni sejak 23-28 Agustus 2016 dan bertempat di Student Center UNS. Expo tahun ini diikuti oleh 28 UKM dari total 33 UKM tingkat universitas dengan peserta sekitar 7.700 mahasiswa baru. Expo ini mengusung tema “Budaya Jawa” yang diangkat dari budaya lokal sekitar UNS (Kasunanan Surakarta) dengan jargonnya “Satukan Tujuan, Tetapkan Sasaran, Berjuang Kita Menang”.\n\nDengan adanya acara Expo UKM UNS ini, diharapkan mahasiswa baru tertarik untuk lebih aktif dalam kegiatan luar kelas, khususnya melalui UKM untuk meningkatkan softskill. Selain itu juga untuk meningkatkan minat dan bakat.', 'serunya-expo-mahasiswa-baru-uns-2016', 'https://www.youtube.com/watch?v=Q0VOjl8x34M', 'a', 'jpg', '2016-12-18 06:05:00', '2016-12-18 06:05:00', null, '1', '1', '0', '0');
INSERT INTO `posts` VALUES ('53', 'Keindahan Wahana Bawah Laut Pantai Sadranan', 'Kawasan pesisir selatan Kabupaten Gunungkidul saat ini menjelma menjadi destinasi wisata favorit di Daerah Istimewa Yogyakarta. Di sana berderet belasan pantai berpasir putih.\n\nMasing-masing pantai tersebut menawarkan keindahan dan keunikan masing-masing. Seperti Pantai Sadranan yang berada di Dusun Pule Gundes, Desa Sidoarjo, Kecamatan Tepus. \n\nTidak hanya menawarkan pemandangan pasir putih dan jernihnya air laut, di pantai ini Anda bisa melakukan rekreasi bahari yang tidak banyak dilakukan di Yogyakarta, yakni snorkeling.\n\nFasiltas di pantai Sadranan juga cukup lengkap. Terdapat sejumlah rumah makan, tempat ibadah, kamar mandi, hingga penginapan. Di Sadranan kegiatan snorkleing tidak perlu dilakukan di laut lepas, tetapi cukup di dekat bibir pantai. \n\nDi pantai ini juga tersedia penyewaan alat snorkling, sehingga Anda tak perlu repot-repot membawa peralatan dari rumah untuk sewa peralatan mulai dari google, snorkle, pelampung, dan sepatu hanya dikenai tarif RP 25.000.', 'keindahan-wahana-bawah-laut-pantai-sadranan', 'https://www.youtube.com/watch?v=heOCrLFZ0wk', 'a', 'jpg', '2016-12-18 06:05:00', '2016-12-18 06:05:00', null, '1', '1', '0', '0');
INSERT INTO `posts` VALUES ('54', 'Kimchi Korean Restaurant Solo Nikmatnya Sajian Hidangan Khas Korea', 'Anda penggemar musik Korea? Sudah koleksi puluhan lagu dan serial drama bintang-bintang asal Negeri Ginseng tersebut? Jika sudah, rasanya kurang afdol kalau tidak sekalian menjajal masakan khas Korea. Saat para bintang itu menyebutkan ramyeon misalnya, seketika kita langsung kepengin ikutan ngemil makanan itu.\nDi Kota Bengawan, ada restoran yang menyajikan hidangan khas Korea. Anda bisa menjajal satu per satu menu makanan ala Korea sambil nongkrong dan menikmati alunan musik K-Pop yang diputar sepanjang waktu. Salah satunya adalah restoran adalah Kimchi Korean Restaurant\nKimchi Korean Restaurant beralamat di Jl.Veteran No.190, Serengan, Solo, atau tepatnya di Timur Bunderan Tipes. Kali pertama menginjakkan kaki di resto ini, Anda langsung disapa dua paper figure megabintang terkenal Korea, Lee Min Ho dan Park Shin Ye. Di dalam resto, ada sekitar 15set meja kursi dengan minimal empat kursi setiap set-nya. Anda bisa memilih set sofa atau kursi kayu yang enggak kalah cozy.\nMeskipun menyandang nama Kimchi, resto ini enggak hanya menyediakan menu Kimchi. Ada puluhan menu khas Korea yang bisa dicicip menyesuaikan lidah kamu. Pengin makanan berat atau ringan, Kimchi Resto punya sejumlah menu andalan yang bisa kamu pesan. Sebelum ngobrolinsoal menu di Kimchi Resto, sebaiknya Anda mengetahui apa itu Kimchi.\nKimchi\nKimchi adalah sejenis asinan sayur hasil fermentasi yang diberi bumbu pedas. Sederet manfaat untuk tubuh didapat dari makanan tersebut. Makanan ini selalu dihidangkan menjadi pendamping atau dalam bahasa Korea disebut banchan. Orang Korea menyajikan aneka ragam banchan yang dihidangkan dalam piring-piring kecil. Sedikitnya ada dua jenis banchan sebagai pelengkap saat menyantap hidangan Korea lengkap.\nMakanan favorit di Kimchi Korean Resto ialah chon-bokki dan bibimbab. Dua menu tersebut laris dipesan sebagai menu makan siang. Chon-bokki adalah makanan ringan khas Korea yang berisi ayam goreng krispi, tteokbokki atau kudapan yang terbuat dari tepung beras, dan kentang goreng pompom. Ayam goreng dan tteobokki disiram dengan saus pedas gochujang yang lezat dan pas di lidah.\nGochujang adalah pasta cabai untuk masakan Korea yang bahan utamanya adalah beras ketan dan bubuk cabai yang difermentasi. Sedangkan bibimbab, adalah semangkuk nasi putih yang di atasnya ditaburi sayur-sayuran, daging sapi, dan telur. Menu ini juga disiram dengan saus pedas gochujang. Bibimbap dihidangkan dalam mangkuk dari batu yang sudah dipanaskan. Panas dari mangkuk batu akan mematangkan telur mentah yang diletakkan di atas nasi sebagai lauk. Sebelum nasi dimasukkan, minyak wijen dituangkan di dasar mangkuk batu agar terbentuk lapisan kerak nasi yang harum dan garing di dasar mangkuk.', 'kimchi-korean-restaurant-solo-nikmatnya-sajian-hidangan-khas-korea', 'https://youtu.be/-Xi84CeByzk', 'a', 'jpg', '2016-12-18 06:05:00', '2016-12-18 06:05:00', null, '1', '1', '0', '0');
INSERT INTO `posts` VALUES ('55', 'Musik Hingga Tarian Meriahkan Pre Event 2 SIPA', 'Setelah sukses mengadakan sosialisasi dikawasan Car Free Day Solo dan Pre Event 1 SIPA di Solo Paragon Mall. Kali ini SIPA Community menggelar Pre Event 2 SIPA. “Musik Hingga Tarian Meriahkan Pre Event 2 SIPA” Tagline yang cocok menggambarkan kemeriahan Pre Event 2 SIPA yang diselenggarakan 31 Agustus 2016 di mini Atrium Solo Grand Mall. Pre Event 2 SIPA menampilkan Orkes Keroncong Smara Catur, Biru Ndog Bebek Percussion, SMKI Solo, RA Umum Band, dan Latar Jembar. Mereka akan memeriahkan panggung Pre Event 2 SIPA selama kurang lebih dua jam.\n\nAcara Pre Event ini bertujuan untuk mempromosikan acara SIPA sendiri, yang akan diisi oleh komunitas komunitas seni dari Solo. Berkonsep Performing Arts diharapkan bukan hanya memberi hiburan tapi juga menarik lebih banyak masyarakat untuk mengenal dan kemudian menyaksikan panggung SIPA pada tanggal 8, 9, 10 September 2016 di Beteng Vastenberg, Solo.', 'musik-hingga-tarian-meriahkan-pre-event-2-sipa', 'https://www.youtube.com/watch?v=cZZEj2IZ3wg', 'a', 'jpg', '2016-12-18 06:05:00', '2016-12-18 06:05:00', null, '1', '1', '0', '0');
INSERT INTO `posts` VALUES ('56', 'Walikota “Walk Out” dalam Rembuk bersama Warga Solo', 'Acara rembuk kota solo yang dilaksanakan oleh BEM univ. sebelas maret pada rabu, 31 agustus 2016 di balai kota solo dalam rangka penyampaian keluh kesah masyarakat kota solo berjalan dengan tidak memuaskan. Hal ini dikarenakan walikota solo bapak Fx. Hadi Rudyatmo sempat hadir dalam acara tersebut namun, tiba-tiba pergi meninggalkan acara tersebut tanpa ada konfirmasi yang jelas.\n\nacara rembuk yang dimediasi oleh BEM uns ini dihadiri oleh Komunitas masyarakat Peduli pendidikan Surakarta, paguyuban PKL Gerobak Kuning, beberapa LSM pendidikan., serta para pejabat kota solo yang pada akhirnya meninggalkan acara sebelum dimulai.\n\nPresiden BEM UNS Doni Wahyu Prabowo mengungkapkan kekecewaan kepada walikota solo karena sejatinya acara ini telah di persiapkan sejak akhir april 2016.\n\nAcara ini akan membahas tentang hal-hal yang menjadi keluh kesah masyarakat mengenai Pungutan dalam dunia pendidikan di kota solo , penolakan system jalan satu arah Jalan Radjiman, Perintis Kemerdekaan, dan Agus Salim, serta penataan PKL Gerobak Kuning City Walk slamet riyadi.', 'walikota-walk-out-dalam-rembuk-bersama-warga-solo', 'https://www.youtube.com/watch?v=7IT_FRGU9KQ', 'a', 'jpg', '2016-12-18 06:05:00', '2016-12-18 06:05:00', null, '1', '1', '0', '0');
INSERT INTO `posts` VALUES ('57', 'PENAMPAKAN WAYANG JUMAT KLIWON KOTA SOLO', 'Kota solo selain kota yg disebut kota kuliner dan layak anak ini juga menyimpan banyak sekali kesenian tradisional. Kehidupan warga sekitar yang masih lekat dengan adat Jawa yang kental masih bisa terlihat di kota ini. Malam jumat kliwon memang dikenal sebagai waktu yang mistis. Pada setiap malam ini lah di gelar pertunjukan wayang yang bertempat pada TBJT Surakarta. \n\nPertunjukan ini setidaknya di gelar hingga 11 kali pertunjukan dalam setahun. Setiap malam jumat kliwon para warga solo dari yang muda hingga yang tua dapat menikmati kesenian yang melegenda ini. Tidak hanya itu , acara ini juga dimanfaatkan oleh sebagian masyarakat untuk mengais rezeki dengan cara berjualan di sekitar gedung. \n\nPertunjukan ini dimulai dari sekitar pukul 21.00 WIB hingga shubuh menjelang yakni 04.30 WIB. Ditemui saat menyaksikan pertujukan, terlihat beberapa turis asing asal perancis sangat tertarik dengan kesenian ini.', 'penampakan-wayang-jumat-kliwon-kota-solo', 'https://www.youtube.com/watch?v=x6wMdHi68VU', 'a', 'jpg', '2016-12-18 06:05:00', '2016-12-18 06:05:00', null, '1', '1', '0', '0');
INSERT INTO `posts` VALUES ('58', 'Karya Tari “BRANTARARA”', 'Pada sebuah kisah, kerajaan Nusatembini di Cilacap memiliki raja bernama Brantarara, seorang putri cantik, juga menjadi prajurit yang tegas. Brantarara memiliki kendaraan berupa Jaran Sembrani, seekor kuda bersayap. Kerajaan Nusatembini terlindungi karena perlindungan benteng bambu ori berlapis tujuh yang mengelilinginya.\n\nKabar kecantikan Brantarara dan kesaktian air mata kuda Sembrani menarik maksud para pangeran luar Nusatembini untuk datang. Semua usaha melamar Brantarara atau meminta air mata Jaran Sembrani tak pernah diterima. Sampai akhirnya tentara Pajajaran yang dipimpin Arya Tilandanu datang untuk meminta paksa air mata Sembrani. Peperangan antara Nusatembini dan Pajajaran pun akhirnya terjadi.\n\nCahwati sebagai koreografer mencipta karya berangkat dari tafsir cerita di atas. Pada gagasan kreatif ini, Cahwati bekerja sama dengan Sri Waluyo sebagai komposer dan Sigit Purwanto sebagai konseptor. Konsep tari yang ia tawarkan merupakan tari garapan baru yang menempatkan ragam gerak tradisi tari Banyumasan sebagai sumber. Warna-warna opera dengan gerak tari dan vokal menjadi dasar garap pertunjukan. Beberapa unsur pertunjukan seperti monolog dan wayang dilibatkan sebagai bagian penggarapan visual. Dengan kata lain, pada garapan ini terdapat sebuah pertunjukan gabungan dari beberapa elemen: tari, musik, teater, dan wayang.', 'karya-tari-brantarara', 'https://www.youtube.com/watch?v=O75LROQygug', 'a', 'jpg', '2016-12-18 06:05:00', '2016-12-18 06:05:00', null, '1', '1', '0', '0');
INSERT INTO `posts` VALUES ('59', 'Pemanfaatan Video Conference oleh LPPKS Indonesia', 'Dalam pengembangan bahan ajar digital diklat supervisi online yang diadakan oleh LPPKS Indonesia (Gondangrejo, Karanganyar, Jawa Tengah) menghasilkan Learning Management System yang memungkinkan setiap kepala sekolah yang ada di seluruh Indonesia dapat mengolah dan mempelajari tentang supervisi akademik secara daring (dalam jejaring). Yang menarik dari Learning manajemen system atau LMS ini yaitu fitur video conference. Fitur video converence ini memungkinkan narasumber dan peserta diklat saling bertatap muka secara online meskipun terpisah jarak yang jauh. \n\nLMS ini dikembangan oleh LPPKS bersama pustekom guna mencapai suatu solusi agar diklat supervisi tidak harus bertemu secara langsung. Pemanfaatan teknologi dan informasi yang semakin berkembang di zaman sekarang merupakan pilihan yang tepat guna merealisasikan tujuan dari LPPKS sendiri.', 'pemanfaatan-video-conference-oleh-lppks-indonesia', 'https://www.youtube.com/watch?v=4bf5uZRV5V8', 'a', 'jpg', '2016-12-18 06:05:00', '2016-12-18 06:05:00', null, '1', '1', '0', '0');
INSERT INTO `posts` VALUES ('60', 'Pengenalan BLOG dan Media Sosial di Pasar Kembang (PAKEM)', 'Setelah sekian lama Pasar Kembang Solo atau yang biasa disebut Pakem menjadi tempat untuk berkumpulnya kembali anak-anak muda yang disatukan dalam sebuah acara. Jumat, 2 September 2016 pukul 19.30 WIB #kelasbloggersolo mengadakan acara bertajuk Blog! Pengenalan Blog & Media Sosial di Pakem lantai 2. Dhanang Sukmana Adi selaku Blogger & Admin Sosmed Kota menjadi penyaji pada malam hari itu. Karena pengunjung yang datang rata-rata telah memiliki blog, pria yang memiliki 2 Blog kenamaan mysukmana.com dan dsukmana.wordpress.com hanya menyinggung sedikit materi pengenalan dalam memulai blog tetapi lebih ke bagaimana mengembangkan dan mengelola sebuah blog.', 'pengenalan-blog-dan-media-sosial-di-pasar-kembang-pakem', 'https://www.youtube.com/watch?v=TkrhlCFk_Lk', 'a', 'jpg', '2016-12-18 06:05:00', '2016-12-18 06:05:00', null, '1', '1', '0', '0');
INSERT INTO `posts` VALUES ('61', 'Pameran Karya Desain Grafis Berukuran 20 cm', 'THE 2ND JOGJA INTERNATIONAL MINIPRINT BIENNALE (JIMB) 2016 HOMO HABILIS-HANDY MAN yang tahun ini bertempat di kota surakarta tepatnya di balai soedjatmoko merupakan pameran yang ditunggu oleh para pecinta seni. Karya yang di pamerkan berasal dari para pemenang, para finalis serta karya terbaik dari kompetisi Yang diikuti dari berbagai negara seperti Malaysia, india, jepang, Italia, Canada dan pastinya negara Indonesia. Dengan konsep miniprint, karya yang di buat pun berukuran mini tidak lebih dari 20 cm.\nSalah satu keunikan tersendiri karena pameran ini memiliki konsep karya 20 cm sehingga minat pengunjung sangatlah besar. Dilihat dari pengunjung yang hadir tidak hanya berasal dari lokal warga solo namun juga mancanegara.', 'pameran-karya-desain-grafis-berukuran-20-cm', 'https://youtu.be/TizLesMq0PA', 'a', 'jpg', '2016-12-18 06:05:00', '2016-12-18 06:05:00', null, '1', '1', '0', '0');
INSERT INTO `posts` VALUES ('62', 'Nikmati Berbelanja dan Rekreasi Di Laweyan Night Market 2016', 'Dalam rangka menyambut hari batik nasioal, kecamatan laweyan Surakarta menyelenggarakan Night maket yang dilaksanakan pada tanggal 1 sampai 2 oktober 2016 dilanjutkan pada tanggal 14 sampai 16 oktober 2016 di jl. Perintis kemerdekaan laweyan Surakarta.\nAcara yang dilaksanakan pukul 19.00-22.00 ini merupakan serangkaian acara LAWEYAN FESTIVAL. Laweyan night market 2016 ini diikuti sekitar puluhan stan kuliner dan handycraft warga, dari 11 kelurahan yang tergabung dalam wilayah administratif Kecamatan Laweyan. Diharapkan night market ini dapat menjadi wahana untuk unjuk gigi warga laweyan  serta tempat unutk menikmati kuliner, seni, handycraft dll.\nAcara ini dibuka oleh walikota solo yang diwakilkan oleh bapak Basuki Anggoro Hexa,  Staf Ahli Walikota Bidang Ekonomi dan Keuangan.Tujuan acara ini adalah sesungguhnya guna mendongkrak Usaha Kecil Menengah masyarakat laweyan.', 'nikmati-berbelanja-dan-rekreasi-di-laweyan-night-market-2016', 'https://youtu.be/-4an7EI-Cm8', 'a', 'jpg', '2016-12-18 06:05:00', '2016-12-18 06:05:00', null, '1', '1', '0', '0');
INSERT INTO `posts` VALUES ('63', 'Wisuda UNS Periode 1 TA 2016/2017 | 264 Wisudawan Lulus dengan Bebas Biaya', 'Prof. Dr. Ravik Karsidi MS bertempat di Auditorium UNS secara resmi mewisuda sebanyak 1860 wisudawan Program Pascasarjana, Dokter Spesialis, Pendidikan Profesi Akuntansi dan Sarjana \n\nWisuda Periode 1 Tahun Akademik 2016/2017 ini berlangsung pada hari Sabtu, 3 September 2016 dan akan dilanjutkan pada Periode 2 pada hari Sabtu, 3 Desember 2016, Periode 3 pada hari Sabtu, 4 maret 2017, Periode 4 pada hari Sabtu, 3 Juni 2017.\n\nRektor UNS mengungkapkan kebanggaannya dari 1860 wisudawan terdapat 264 orang lulus dengan bebas biaya dan 173 orang diantaranya lulus dengan predikat cumlaud. \"mereka sudah tidak menyianyiakan kesempatan baik itu\", ucapnya.\n\nDalam sambutannya rektor uns juga menyampaikan bahwa dari 4200 pegutuan tinggi di indonesia UNS dikategorikan oleh kemenristek dikti sebagai klaster 1 atau kelas yang paling atas bersama 11 peturuan tinggi yang lain. hal ini disampaikan dengan tujuan untuk memotivasi wisudawan agar selalu percaya diri sebagai alumni UNS. Dengan kata kunci soft skill dan kemampuan problem solving atau memecahkan masalah diharapkan alumni UNS dapat sukses dalam kehidupan di masyarakat.\n\ndaftar jumlah per fakultas di uns\n\n29 Fakultas Ilmu Budaya\n78 Fakultas Ilmu Sosial dan Politik\n103 Fakultas Hukum\n241 Ekonomi dan Bisnis\n81 Fakultas Kedokteran\n195 Fakultas Pertanian\n99 Fakultas Teknik\n585 Fakultas Keguruan dan Ilmu Pendidikan\n94 Fakultas Matematika dan Ilmu Pengetahuan Alam\n66 Fakultas Seni Rupa dan Desain\n289 Program Pascasarjana\n\ntotal 1860 wisudawan', 'wisuda-uns-periode-1-ta-20162017-264-wisudawan-lulus-dengan-bebas-biaya', 'https://www.youtube.com/watch?v=BZw-YkTP5Vg', 'a', 'jpg', '2016-12-18 06:05:00', '2016-12-18 06:05:00', null, '1', '1', '0', '0');
INSERT INTO `posts` VALUES ('64', 'Solo Techonopark Adakan Lomba Roket Air ke 3 Tingkat Kota Surakarta', 'Solo techno park mengadakan lomba rocket air wilayah regional surakarta ke III, lomba ini dilaksanakan pada tanggal 2 dan 3 september 2016. Acara yang dibuka oleh walikota surakarta fx Hadi Rudyatmo ini disambut antusias oleh para peserta lomba. \n\npeserta lomba ini di ikuti oleh siswa - siswi SMP sederajat sampai SMA sederajat se dkota solo. peserta ini digolongkan menjadi 1 golongan umur yaitu 12 - 16 tahun. Antusiasme peserta terlihat dari membludaknya peserta lomba rocket air yang semula ditargetkan 400 peserta membludak menjadi 425 peserta. bapak walikota menargetkan untuk tahun depan peserta lomba rocket mencapai 1000 peserta. \n\nLomba roket air ini digelar dalam rangka untuk menyemarakkan Hari Kebangkitan Teknologi Nasional (Hakteknas).\nPemenang lomba ini akan diberikan hadiah dan sertifikat serta mewakili Kota Solo di lomba serupa di tingkat nasional dan berkesempatan juga ke tingkat Asia Pasifik.\n\nlomba ini diharapkan mampu menarik minat siswa terhadap dunia rocket dan antariksa. ungkap pak darsono sebagai penanggung jawab acara. Pada tahun ini perlombaan roket air dilaksanakan dengan kategori mengenai sasaran, dan pada tahun depan akan direncanakan perlombaan dengan kategori kreativitas dalam pembuatan rocket air.', 'solo-techonopark-adakan-lomba-roket-air-ke-3-tingkat-kota-surakarta', 'https://www.youtube.com/watch?v=Y1z2JU4iM1M', 'a', 'jpg', '2016-12-18 06:05:00', '2016-12-18 06:05:00', null, '1', '1', '0', '0');
INSERT INTO `posts` VALUES ('65', 'Demo Warga Surakarta Menolak Pembangunan RS Siloam', 'Orasi yang dilaksanakan oleh sejumlah warga yang tergabung dalam Dewan Syariah Kota Surakarta di depan gedung DPRD Kota Surakarta hari jumat, 2 September 2016 pukul 13.00 WIB bertujuan untuk menolak pembangunan hotel, fasilitas pendidikan dan RS Siloam yang bertempat di Jalan Honggowongso 137 dan 139 RT 05 RW 05 Surakarta. Orasi yang dilakukan warga ini dilanjutkan dengan konvoi dari gedung DPRD Kota Surakarta ke lokasi yang akan di bangun yaitu Rumah Sakit Siloam. \n\nOrasi penolakan ini dilaksanakan karena warga merasa resah apabila pembangunan Rumah Sakit ini diwujudkan akan berpotensi merusak lingkungan sekitar dimana terdapat sekolah-sekolah di lingkungan pembangunan tersebut. Pembangunan ini juga dapat menimbulkan kerusakan tanah, mengganggu kesehatan masyarakat, menghambat pembuangan limbah, dan merusak ketersediaan air mengingat juga lingkungan pembangunan tersebut merupakan lingkungan yang padat penduduk.', 'demo-warga-surakarta-menolak-pembangunan-rs-siloam', 'https://www.youtube.com/watch?v=Ca1zMWlnKC4', 'a', 'jpg', '2016-12-18 06:05:00', '2016-12-18 06:05:00', null, '1', '1', '0', '0');
INSERT INTO `posts` VALUES ('66', 'Kontes Modifikasi Kendaraan Black Auto Battle 2016', 'Kota Solo atau dikenal dengan tagline the spirit of java ini menjadi salah satu kota di Indonesia yang dibidik blackxperience.com dalam kontes modifikasi kendaraan dalam event bertajuk Black Auto Battle 2016 yang dihelat di Solo The Park pada 3 september 2016 mendatang. Nah, jangan lupa tuh datang kesana banyak sekali mobil modif menarik dan sayang untuk tidak dilirik.\n\nSebelumnya ajang pameran modifikasi anak negeri ini sudah dilangsungkan di kota Makkasar (30/3) dan Balikpapan (28/4) sob, dan kini kota Solo menjadi perwakilan Jawa Tengah karena kota yang kental dengan budaya ini tergolong maju pesat dalam dunia car tunning terbukti sekarang banyak bengkel modifikasi,installer dan industri car tunning yang membangun bisnisnya dikota yang dulu pernah menjadi bagian dari kesultanan Mataram ini.\n\nSeiring dengan tumbuhnya industri car tunning,kota ini acap kali menjadi bidikan promotor dalam event kontes modifikasi kendaraan.\n\nSelain itu alasan mengapa kota ini ramai dengan industri car tuning karena tak lain dikota ini juga banyak komunitas mobil berskala Nasional. Dari mobil kelas bawah hingga menengah ada disini, oleh sebab itu antusiasme pegunjung selalu rame.\n\nTak bisa dipungkiri dari hobi modifikasi telah mendatangkangkan ekonomi yang mumpuni. Kota ini dicap kota modifikasi selain kota budaya. Di sini banyak mobil modifikasi menarik', 'kontes-modifikasi-kendaraan-black-auto-battle-2016', 'https://www.youtube.com/watch?v=l-p0kQANY1E', 'a', 'jpg', '2016-12-18 06:05:00', '2016-12-18 06:05:00', null, '1', '1', '0', '0');
INSERT INTO `posts` VALUES ('67', 'Burnout Solo 2016 bertema \"Hadiningroad Revival\"', 'Ajang Burnout Solo 2016 bakal digelar akhir pekan ini (3/9), di kawasan sentra Niaga Solo Baru, Sukoharjo. Edisi kedua gelaran otomotif tahunan tersebut menjanjikan show off tunggangan klasik dan custom yang lebih besar dari sebelumnya. Sekitar 100 mobil dan motor klasik akan dihadirkan untuk memenuhi hasrat para pecinta otomotif bernuansa vintage nan unik.\n\nRyo Baskoro, owner Rown Division sekaligus pelaksana Burnout 2016 menjelaskan, gelaran tahun ini mengetengahkan tajuk Hadiningroad Revival. Burnout 2016 merupakan ajang bertemunya komunitas otomotif klasik dan custom dari eks Karesidenan Surakarta, Yogyakarta, hingga Jakarta. “Kami ingin membangkitkan lagi gairah para pecinta maupun komunitas mobil motor klasik,” ungkapnya, dalam jumpa pers di Hello Solo Garden Resto, Selasa (30/8/2016).\n\nRyo mengatakan, Burnout 2016 akan berbeda dengan perhelatan otomotif pada umumnya. Nantinya, mobil maupun motor yang dipajang merupakan koleksi pribadi, serta jarang terlihat di jalanan. Tak hanya pamer tunggangan, akan ada koleksi custom karya berbagai builder yang kini tengah berkembang.\n\nTak hanya pameran kendaraan, akan ada exhibition art mulai dari tatto, pinstrip, typography, grafiti, booth kuliner, junkyard party, hingga festival band untuk memanjakan pengunjung. “Burnout 2016 sekaligus untuk mengangkat kreativitas anak muda dengan menekankan keberadaan mobil maupun motor yang tergolong langka,” sebutnya.\n\nBurnout 2016 bakal dimeriahkan dengan sejumlah kegiatan. Selain show off aneka tunggangan, bakal ada rolling city di seputar kawasan Sukoharjo. “Kita juga coba kenalkan ke khalayak umum, seperti apa kendaraan klasik dan custom. Tidak ada kontes, hanya show off saja,” kata Ketua Panitia Burnout 2016, Fendy Aris .\n\nPanitia pun menargetkan 6.000 pengunjung untuk mendatangi gelaran Burnout 2016. Pemilihan venue kawasan sentra Niaga Solo Baru, Sukoharjo dianggap cukup representatif untuk menampung ribuan pengunjung. “Tahun kemarin venue memang lebih sempit, maka sekarang kita coba pilih venue yang luas. Apalagi cakupan pengunjung akan lebih luas, hingga dari luar kota. Tentu akan lebih meriah. Minimal bisa menyamai jumlah pengunjung tahun lalu,” ucap Fendy.', 'burnout-solo-2016-bertema-hadiningroad-revival', 'https://www.youtube.com/watch?v=tyRqAZFAaRU', 'a', 'jpg', '2016-12-18 06:05:00', '2016-12-18 06:05:00', null, '1', '1', '0', '0');
INSERT INTO `posts` VALUES ('68', 'BEGINI KEMERIAHAN PROJAMFEST 2016 DI KOTA SOLO', 'PROJAM Fest dilaksanakan di kota Solo setelah dilaksanakan di kota Lampung dan Bekasi. Acara yang digelar pada stadion Manahan solo menampilkan beberapa pro battle demo yang dari beberapanya adalah pevi permana dan ardika “teja” winata. Acara tersebut berlangsung pada hari Sabtu, 3 September 2016 dimulai dari siang hari yakni pukul 13.00 WIB hingga pukul 21.30 WIB. Acara yang dilaksanakan dalam rangka mengfasilitasi para “freestyler” BMX ini dimeriahkan dengan penampilan Deadsquad dan Souljah. Meskipun hujan turun deras namun tidak membuat para pengunjung menjadi risau.\n\nPemenang pada ajang ini selanjutnya akan di kirim ke grand final kota malang tgl 18 september mendatang. Dengan hadiah utamanya adalah keikutsertaan pada ajang international FISE World di china 2016.', 'begini-kemeriahan-projamfest-2016-di-kota-solo', 'https://www.youtube.com/watch?v=TW3yj18B27A', 'a', 'jpg', '2016-12-18 06:05:00', '2016-12-18 06:05:00', null, '1', '1', '0', '0');
INSERT INTO `posts` VALUES ('69', 'Seminar Nasional Public Speaking TMAPS IAIN Surakarta', 'TMAPS merupakan salah satu Unit Kegiatan Mahasiswa yang bergerak dibidang MOTIVATION AND PUBLIK SPEAKING di IAIN Surakarta \n\nUntuk meningkatkan skill public speaking, TMAPS IAIN Surakarta menyelenggarakan Seminar Nasional Public Speaking, bertempat di Graha IAIN SURAKARTA pada selasa, 11 Oktober 2016.\n\nAcara ini dibuka secara simbolis dengan pemulukan gong oleh Wakil Rektor Bidang Kemahasiswaan dan Kerjasama IAIN Surakarta Dr. Syamsul Bakri, S.Ag., M.Ag.\n\nUKM TMAPS mendatangkan Narasumber Rika Mayasari, S.E yang merupakan Trainer Wanita termuda se-Asia Tenggara\n\nPembicara yang juga sebagai penulis buku \'wanita tak sekedar bicara tapi bukti dan harga\' ini dengan ceria dan bersemangat menyampaikan materi \'Tumbuhkan Potensi Public Speaking Sejak Dini\' kepada peserta seminar yang berasal dari Solo maupun luar solo.\n\nMenurut materi yang disampaikan Rika, terdapat 7 Alasan Pasti Mengapa Public Speaking Perlu Dikuasai Sejak Dini yaitu karena :\n1. Dapat berpengaruh terhadap kesuksesan masa depan\n2. Berbicara merupakan kunci kesuksesan\n3. Tuntutan jabatan/kedudukan\n4. Berbicara dilakukan setiap hari\n5. Dapat membuat menjadi terkenal\n6. Meningkatkan kekuatan verbal, vocal, dan visual\n7. Serta sebagai nilai tambah diri.', 'seminar-nasional-public-speaking-tmaps-iain-surakarta', 'https://www.youtube.com/watch?v=VPcDGUjetek', 'a', 'jpg', '2016-12-18 06:05:00', '2016-12-18 06:05:00', null, '1', '1', '0', '0');
INSERT INTO `posts` VALUES ('70', 'Napak Budaya Samanhoedi 2016', 'Agenda kedua Napak Budaya Samanhoedi 2016 yaitu ziarah makam KH. Samanhoedi. Setelah minggu kemarin diawali dengan Samanhoedi melukis langit, ziarah dilaksanakan pada hari jumat 14 oktober 2016 dan dimulai dengan berkumpul jam 13.30 di Balai Samanhoedi kelurahan Sondakan. Rute perjalanan kirab menuju makan samanhoedi dimulai dari Balai Samanhoedi – Jl Agus Salim – Jl Radjiman – Jl. Nithik (menuju makam) – Makan KH samanhoedi. Acara ini dihadiri oleh warga, ketua organisasi, dan tokoh masyarakat. Setidaknya 50 orang hadir dalam acara yang diperingati untuk mengenang dan menghargai jasa KH Samanhoedi dalam melawan pemerintah Hindia Belanda di masa Kolonial', 'napak-budaya-samanhoedi-2016', 'https://www.youtube.com/watch?v=ck-21v5JOAw', 'a', 'jpg', '2016-12-18 06:05:00', '2016-12-18 06:05:00', null, '1', '1', '0', '0');
INSERT INTO `posts` VALUES ('71', 'Rama (Stand Up Comedy Solo) \"Rokok vs Vapor\"', 'Namanya Rama, dia anak pejabat katanya. Di penampilannya ini, Dia membahas banyak hal lucu. yuk liat videonya!\n\nStand Up Comedy Solo at CS Coffee Surakarta 19.30 - 22.00 WIB, Happy 5th Anniversary!', 'rama-stand-up-comedy-solo-rokok-vs-vapor', 'https://www.youtube.com/watch?v=LqRC9bN6vJY', 'a', 'jpg', '2016-12-18 06:05:00', '2016-12-18 06:05:00', null, '1', '1', '0', '0');
INSERT INTO `posts` VALUES ('72', 'SEMARAK FESTIVAL SINGO BARONG', 'Festival Semarak Singo Barong yang berlangsung di Stadion Sriwedari Solo, Sabtu-Minggu (15-16/10) tampaknya mendapatkan animo peserta luar biasa. Bahkan, tercatat ada sebanyak 60 paguyuban atau komunitas reog yang ikut ambil bagian. Para peserta yang tampil terdiri dari kelompok penabuh musik gamelan Jawa, penari dengan dadak merah atau reog atau Singo Barong, dan kuda lumping. Selama 15 menit para peserta akan dipersilakan untuk unjuk kebolehan dengan menaruh dadak merak seberat 70 hingga 80 kg di kepalanya.\n\nHari pertama festival, penonton sudah membeludak. Mereka seolah ikut semangat menikmati atraksi barongan memainkan dadak merak dengan berat puluhan kilogram. Ditambah, suara tetabuhan khas yang mengiringi kesenian asli Ponogoro itu sehingga suasana menjadi lebih semarak. Selain sebagai ajang silaturahmi, Festival Semarak Singo Barong juga merupakan salah satu upaya untuk mencari bibit generasi muda untuk mau mencintai kebudayaannya sendiri. Mengingat, seiring berjalannya waktu budaya Indonesia mulai tak mendapatkan tempat, pasca masuknya budaya asing ke Indonesia. Festival Semarak Singo Barong adalah jawabannya.', 'semarak-festival-singo-barong', 'https://www.youtube.com/watch?v=4zfXfrIgQI0', 'a', 'jpg', '2016-12-18 06:05:00', '2016-12-18 06:05:00', null, '1', '1', '0', '0');
INSERT INTO `posts` VALUES ('73', 'Mendikbud Serahkan Anugerah Kawastara Pawitra Di Solo', 'Menteri Pendidikan dan Kebudayaan (Mendikbud) Muhadjir Effendy menyerahkan anugerah Kawastara Pawitra kepada 109 bupati/walikota dan empat ketua yayasan, 15 Oktober kemarin di Solo. Penghargaan itu diberikan bagi mereka memiliki komitmen dalam mempersiapkan calon kepala sekolah. Sejumlah daerah yang memperoleh penghargaan tersebut antara lain, Provinsi Jambi, Provinsi Bali, Kabupaten Aceh Besar, Badung, Banjar, Bantul, Batanghari, Berau, Bireuen, Bojonegoro, Ciamis, Dharmasraya, Indragiri Hulu, Kutai Kartanegara, Morowali, Nagan Raya, Parigi Moutong, Sukoharjo, Kota Ambon, Balikpapan, Banjarbaru, Bukit Tinggi, Lhokseumawe, Malang, Probolinggo, dan Salatiga. Sedangkan untuk yayasan adalah Marwita Magiswara, Pimpinan Wilayah Muhammadiyah Yogyakarta, Yayasan Lembaga Pendidikan Al Hikmah Surabaya, dan JSIT Riau.\nKawastara Pawitra sendiri berasal dari bahasa sansekerta yang memiliki makna,” Kawastara” berarti “terlihat” sedangkan “Pawitra” berarti  “jernih” atau “suci”. Penghargaan ini akan diberikan kepada 113 Kepala Daerah seluruh Indonesia yang turut dalam melaksanakan program tersebut secara Bersih serta konsisten dalam meningkatkan mutu pendidikan. Karena pada dasarnya peningkatan mutu pendidikan berasal dari sekolah yang baik, dan sekolah yang baik dikarenakan memiliki Kepala Sekolah yang baik pula.\nPenganugerahan penghargaan Kawastara Pawitra ini sebagai bentuk apresiasi dari Pemerintah Pusat kepada Kabupaten Madiun yang mempunyai komitmen tinggi secara swadaya mengimplentasikan Peraturan Menteri Pendidikan Nasional Nomor 28 Tahun 2010 tentang Penugasan Guru sebagai Kepala Sekolah/Madrasah.\nKetua LPPKS Prof. Dr. Siswandari, M.Stats, mengungkapkan bahwa, 90% Kepala Sekolah di Indonesia belum melaksanakan supervisi akademik setiap 6 bulan seklai, yang menyebabkan Kepala Sekolah tidak mengetahui kemampuan Guru dalam mengajar. Padahal, kemampuan pemahaman siswa dalam pembelajaran dipengaruhi oleh seberapa kompeten guru mengajar. Hal ini lah yang menyebabkan terjadinya penurunan kualitas pendidikan.\nMaka dari itu, LPPKS disini memiliki peran penting dalam menyiapkan Kepala Sekolah yang berkompeten dan memiliki kualitas yang baik dalam memanajemen sekolahnya. Sehingga dengan penghargaan ini diharapkan para Kepala Daerah akan lebih bersemangat dalam melaksanakan program ini.', 'mendikbud-serahkan-anugerah-kawastara-pawitra-di-solo', '', 'a', 'jpg', '2016-12-18 06:05:00', '2016-12-18 06:05:00', null, '1', '1', '0', '0');
INSERT INTO `posts` VALUES ('74', 'Bamboo Biennale Pengangkat Pamor Bambu', 'Bamboo Biennale merupakan event bambu 2 tahunan satu-satunya di dunia dengan melibatkan ahli bambu, arsitek, komposer, musisi, perajin dan penggiat bambu dari dalam maupun luar negeri dan diniatkan untuk mengangkat kembali pamor bambu sebagai material masa depan yang berpotensi dan mampu meningkatkan ekonomi masayarakat dengan menggali potensi, menstimulasi dan menghimpun ide kreatif dari para penggiat bambu kepada masyarakat luas.\n\nSetelah Bamboo Biennale 2014 lalu yang mengangkat tema Born yang digambarkan dengan tunas sebagai representasi dari harapan berkelanjutan dan penanda munculnya sesuatu yang besar juga cikal bakal sebuah gerakan untuk melanjutkan cita-cita dan mempertahankan serta mengembangkan, Bamboo Biennale kedua ini mengambil tema HOPE yang digambarkan dengan rebung. Tumbuh dan berkembang secara mandiri, rebung merepresentasikan sebuah kesiapan. Di usia muda, rebung sudah memiliki manfaat bagi manusia. Rebung merepresentasikan bambu harus ditingkatkan dan memberikan manfaat bagi khalayak luas.\n\nAcara Bamboo Biennale tahun 2016 ini diselenggarakan di Solo, Jawa Tengah pada tanggal 1 – 7 Oktober 2016 sebagai pre event dilanjutkan dengan event pada tanggal 8 - 30 Oktober 2016 dengan rangkaian kegiatan konferensi di Bank Indonesia tanggal 8-9 Oktober 2016, pameran produk bambu di Pasar Gedhe tanggal 5-30 Oktober 2016, pameran instalasi bambu di Benteng Vastenburg tanggal 8 – 30 Oktober 2016, serta pertunjukan di Benteng Vastenburg tanggal 8, 15, 22, 28 oktober 2016. Kegiatan lain pameran dan workshop jembatan di Taman Parkir Mayor Kusmanto untuk menghidupkan kembali fungsi Taman Mayor Kusmanto sebagai area parkir dan menghubungkan dengan Pasar Gedhe. Selain itu juga ada workshop taman baca di Banjarsari yang dapat digunakan untuk tempat berkumpul sebagai tempat edukasi dan peningkatan kegiatan ekonomi masyarakat serta memanfaatkan tenaga kerja masyarakat setempat dalam mengelola taman baca tersebut juga menghidupkan ativitas di area tersebut sehingga mendorong warga untuk berkunjung dengan keperluan edukasi. Untuk mengintegrasikan rangkaian acara tersebut, diadakan tour bambu dengan rute melewati spot-spot rangkaian acara. \n\nBamboo biennale kali ini diharapkan akan terus berkelanjutan dengan membawa inovasi baru namun dapat mempertahankan budaya bambu di Indonesia, hidup serumpun, yang tua memayungi yang muda, yang muda mengelilingi dan melindungi, semakin tinggi semakin merunduk, menyimpan air, meyejukan udara, menjaga siklus keberlangsungan hidup bagi siapa saja yang mengapresiasinya. Hingga muncul kembang bambu, ruas menebal, kulit menguat, merontokan pelepahnya, yang menandakan bambu telah dewasa. Tumbuh tinggi, kuat dan menimbun, kehadirannya menaungi, melindungi dan mengisi kehidupan. Begitu event Bamboo Biennale ini terpresentasikan.', 'bamboo-biennale-pengangkat-pamor-bambu', 'https://www.youtube.com/watch?v=9ntFIzuE0iU', 'a', 'jpg', '2016-12-18 06:05:00', '2016-12-18 06:05:00', null, '1', '1', '0', '0');
INSERT INTO `posts` VALUES ('75', 'Kirab Napak Budaya Samanhoedi', 'Kirab Napak Budaya Samanhoedi merupakan rangkaian kegiatan dalam Napak Budaya Samanhudi sebagai Pahlawan Nasional RI. Kirab budaya bertema Samanhudi Untuk Indonesia ini berlangsung Minggu sore mulai 15.30 WIB hingga pukul 17.00 WIB. \n\nKemeriahan Kirab Napak Budaya Samanhoedi (NBS) sudah mulai terasa ketika tiba di panggung utama depan Pasar Kabangan. Beragam kostum dan kesenian ditampilkan kelompok masyarakat yang ikut ambil bagian. Sekitar 2.000 warga meramaikan Kirab Budaya Samanhudi pada 16 Oktober 2016. \n\nDiikuti oleh semua kelurahan se Kecamatan Laweyan sekitar 2.000 peserta dengan ratusan bregodo dan puluhan potensi seni budaya. Kirab dimulai dari Lapangan Sriwaru, Sondakan, Laweyan, Solo dan berakhir di Lapangan Penumping, Laweyan, Solo. Terdapat juga panggung utama hiburan di Pasar Kabangan, depan Kelurahan Laweyan, Solo.', 'kirab-napak-budaya-samanhoedi', 'https://www.youtube.com/watch?v=bsaTyWGxpwU', 'a', 'jpg', '2016-12-18 06:05:00', '2016-12-18 06:05:00', null, '1', '1', '0', '0');
INSERT INTO `posts` VALUES ('76', 'RSJD Surakarta Adakan Pentas Rehabilitan', 'Dalam memperingati hari Kesehatan Jiwa Sedunia pada hari Selasa, 18 Oktober 2016. Rumah Sakit Jiwa Daerah (RSJD) Surakarta adakan pentas seni serta pameran rehabilitant dengan mengambil tema “Pentas Ekspresi dan Kreasi Rehabilitan”. Beberapa rehabilitan tampil ikut serta memeriahkan acara dengan menampilkan kemapuan masing-masing diatas panggung Aula Indrapasta Rumah Sakit Jiwa Daerah Surakarta. \nMaria Rini Indriarti selaku Ketua Penyelenggara mengatakan Sesuai dengan tema HKSJ 2016 yakni Martabat dalam Kesehatan Jiwa, kita harus memberi ruang kepada Rehabilitan untuk berekspresi.\nPenampilan pertama dari kelompok Bangsal Larasati yang menampilkan Tari Kreasi Cuci tangan. Selanjutnya penampilan dari kelompok gerak dan lagu. Di susul dengan penampilan pembacaan puisi dari seorang rehabilitant. \nPada akhir acara terdapat penampilan grup band dan kesenian karawitan.\nSelain penampilan pentas seni pada kesempatan ini juga terdapat Pameran Hasil Karya Dari Rehabilitant. Hasil karya dari rehabilitan berbagai macam seperti lukisan, keramik, kain batik, tempat tisu dan masih banyak lagi. Karya lukisan dari seorang rehabilitan banyak diminati, lukisan yang dipamerkan pun sudah ada yang terjual. \nRehabilitan yang tampil merupakan rehabilitan yang sudah segera kembali ke masyarakat, ini salah satu upaya agar ketika kembali ke masyarakat mereka bias kembali percaya diri', 'rsjd-surakarta-adakan-pentas-rehabilitan', 'https://www.youtube.com/watch?v=qEVhgB3M_sE', 'a', 'jpg', '2016-12-18 06:05:00', '2016-12-18 06:05:00', null, '1', '1', '0', '0');
INSERT INTO `posts` VALUES ('77', 'Military Festival di Solo Paragon Lifestyle Mall', 'Di ulang tahun Tentara nasional Indonesia (TNI) yang ke-71, TNI kembali memberikan suguhan menarik yang banyak diminati masyrakat. Berkerja sama dengan manajemen Solo Paragon Mall, TNI menggelar Military Festival #4. Sebelumnya Military Festival juga sudah pernah diselenggarakan namun di tempat yang berbeda.\nAcara ini digelar mulai dari 19 sampai 23 Oktober 2016. Kepala Staf Korem (Kasrem) 074 Surakarta Chrisbianto Arimurti mengatakan bahwa Kali ini melibatkan puluhan satuan dari TNI Angkatan Laut, Darat dan Udara. Military Festival #4 merupakan bagian dari pertanggungjawaban TNI kepada masyarakat. Terutama menyangkut alat utama sistem persenjataan (alutsista). Sehingga masyarakat dapat melihat secara langsung persenjataan canggih TNI.\nSudah 4 kali digelar, pameran ini setidaknya meningkatkan pengunjung regular yang tiap harinya dapat mencapai 6 ribu pengunjung. Halaman parkir yang biasanya digunakan untuk parker kendaraan pengunjung mall, kini menjadi lokasi pameran. Pada saat pembukaan acara tampak ramai dengan salah satu penampilan barongsai yang dimainkan anggota Arhanud.', 'military-festival-di-solo-paragon-lifestyle-mall', 'https://www.youtube.com/watch?v=ZV2yFNJ-ei8', 'a', 'jpg', '2016-12-18 06:05:00', '2016-12-18 06:05:00', null, '1', '1', '0', '0');
INSERT INTO `posts` VALUES ('78', 'Sensasi Musim Gugur Ala Solo', 'Musim Gugur Di Indonesia \nWarna-Warni Musim Gugur Juga Ada Di Indonesia\nSalah Satunya Di Solo, Di Universitas Sebelas Maret.\nTanaman Ini Bernama Angsana (Pterocarpus Indicus)\nBerasal Dari Asia Tenggara\nKelopaknya Berbentuk Mirip Lonceng\nBermekaran Dan Berguguran\nDi Bulan Oktober Dan November\nAngsana Memenuhi Tanah Dan Jalanan\nMenimbulkan Sensasi Musim Gugur\nMusim Gugur Ala UNS Solo\nMenikmati Teduhnya Pohon Angsana\nTerhampar Karpet Berwarna Kuning Cerah Yang Cantik\nMenikmati Romantisnya Di Bawah Pohon Angsana\nBersama Teman-Teman\nMengambil Hasil Foto Terbaik\nLatar Belakang Hamparan Kuning Bunga Angsana\nMenjadi Tempat Menarik\nYang Sayang Untuk Dilewatkan', 'sensasi-musim-gugur-ala-solo', 'https://www.youtube.com/watch?v=Q2CvSd6ju8w', 'a', 'jpg', '2016-12-18 06:05:00', '2016-12-18 06:05:00', null, '1', '1', '0', '0');
INSERT INTO `posts` VALUES ('79', 'Belajar Mengajar Sains di SNPS 2016', 'Sabtu, 22 oktober 2016 telah dilaksanakan Seminar Nasional Pendidikan Sains 2016 dan Temu Alumni yang bertema “Peningkatan Kualitas Pembelajaran Sains dan Kompetensi Guru Melalui Penelitian dan Pengembangan dalam Menghadapi Tantangan Abad 21” di Aula Pascasarjana Universitas Sebelas Maret Surakarta. Seminar yang dilaksanakan oleh 4 Program Studi yaitu Prodi Magister Pendidikan Kimia, Prodi Magister Pendidikan Fisika, Prodi Magister Pendidikan Sains, dan Prodi Doktor Pendidikan IPA ini dihadiri oleh sekitar 200 peserta yang terdiri dari peserta pemakalah, non pemakalah, dan Alumni Magister Pendidikan Sains UNS.\nPada seminar nasional ini menghadirkan 3 pembicara utama yaitu:\n1. Prof. Dr. Hans-Dieter Barke (University of Muenster, Germany), beliau membahas tentang miskonsepsi dalam pembelajaran sains khususnya kimia.\n2. Prof. Dr. Anna Permanasari, M.Si. (Ketua Perkumpulan Pendidik IPA Indonesia), beliau membahas tentang Konteks literasi bahasa dan matematika.\n3. Dr. Sarwanto, M.Pd. (Sekretaris LPPMP UNS), beliau membahas tentang Peran komunikasi ilmiah dalam pembelajaran IPA.\nHarapannya dengan terlaksananya seminar ini dapat mejadi solusi dari permasalahan dalam mengajarkan sains kepada peserta didik serta menjadi sarana tukar pendapat yang kemudian hari dapat berguna dalam perkembangan pendidikan khususnya pendidikan sains.', 'belajar-mengajar-sains-di-snps-2016', 'https://www.youtube.com/watch?v=MuIbzvMV_gk', 'a', 'jpg', '2016-12-18 06:05:00', '2016-12-18 06:05:00', null, '1', '1', '0', '0');
INSERT INTO `posts` VALUES ('80', 'TNI Military Carnival #4 Dalam Rangka Memperingati HUT Ke-71 TNI', 'TNI Military Carnival #4\nDalam Rangka Memperingati HUT Ke-71 TNI mengadakan Pawai berbagai kendaraan tempur dan alat utama sistem senjata (Alutsista) milik Tentara Nasional Indonesia (TNI) berlangsung semarak, Minggu (23/10/2016). Sebelum pawai dimulai, sejumlah kendaraan tempur berjajar rapi di kawasan Jalan Yosodipuro. Tidak berselang lama kendaraan-kendaraan tempur tersebut mulai bergerak. Dengan gerak yang cukup pelan iring-iringan kendaraan menuju ke kawasan Kotabarat.\n\nIring-iringan kendaraan perang ini menyusuri jalanan di Kota Surakarta. Mulai dari Jalan Yosodipuro-Jalan dr. Moewardi-Jalan Slamet Riyadi hingga kawasan Ngarsopuro dan finish menuju Solo Paragon Lifestyle Mall. Pawai kendaraan tempur TNI itu bukan untuk persiapan perang melainkan, serangkaian dari gelaran TNI Military Festival #4 yang digelar di Solo Paragon Lifestyle Mall. Festival ini sudah diselenggarakan keempat kalinya', 'tni-military-carnival-4-dalam-rangka-memperingati-hut-ke-71-tni', 'https://www.youtube.com/watch?v=wO8TzAcpFoc', 'a', 'jpg', '2016-12-18 06:05:00', '2016-12-18 06:05:00', null, '1', '1', '0', '0');
INSERT INTO `posts` VALUES ('81', 'Keindahan Pagelaran Sendratari Ramayana di Taman Balekambang', 'Sendratari Ramayana di Taman Balekambang\nBerbeda dengan malam-malam biasanya, kali ini Taman Balekambang nampak ramai dengan orang-orang yang hendak menyaksikan pertunjukan Sendratari Ramayana.Meskipun tanah masih basah sisa hujan sesorean dan udara terasa dingin menusuk, para penonton tetap semangat mencari tempat duduk di panggung terbuka.\nTak harus jauh-jauh ke Candi Prambanan, di Taman Balekambang, Solo, pagelaran Sendratari Ramayana dimainkan dengan indah. Di bawah taburan cahaya purnama, para penari berlenggak-lenggok dengan gemulai memainkan drama kisah cinta Rama dan Shinta. Busana nan anggun dan iringan gamelan nan merdu menjadi pelengkap pertunjukan. (22 Oktober 2016)\nTaman Balekambang memang menjadi salah satu venue pertunjukan seni di kota Bengawan. Berbagai pertunjukan seni dari tari tradisional, tari modern, pergelaran musik, hingga festival nasional maupun internasional kerap dilangsungkan di taman warisan Mangkunegaran ini. Di Taman Balekambang terdapat panggung terbuka yang dilengkapi dengan satu pendopo sebagai tempat gamelan dan sinden atau penyanyi jawa untuk mengiringi para penari di tengah panggung.', 'keindahan-pagelaran-sendratari-ramayana-di-taman-balekambang', 'https://www.youtube.com/watch?v=G-TZv2Q_VMU', 'a', 'jpg', '2016-12-18 06:05:00', '2016-12-18 06:05:00', null, '1', '1', '0', '0');
INSERT INTO `posts` VALUES ('82', 'ANNIVERSARY INFO CEGATAN SOLO DAN SEKITARNYA', 'Tepat di hari ini tanggal 30 Oktober 2016 komunitas Group Info Cegatan Solo dan Sekitarnya atau singkatnya disebut “ICS” genap berusia 2 tahun. Bersamaan dengan menggalang bakti sosial donor darah bersama PMI , ICS menggelar syukuran yang bertempat di Taman Balaikambang Solo. \nAcara yang di mulai pukul 09.00 – 12.00 WIB ini menarik perhatian pengunjung balekambang pada saat itu. Dari orang tua hingga anak – anak ikut menyaksikan keseruan acara syukuran tersebut. Acara tersebut juga di meriahkan dengan akustik dangdut dan menyediakan stiker,pin serta kaos bagi para pengunjung yang ingin bergabung dalam komunitas yang terinspirasi dari Info Cegatan Jogja tersebut. Kemudian acara di lanjutkan dengan pemotongan tumpeng oleh para pengurus ICS. Keseruan semakin terlihat saat para pengurus ICS mengajak untuk “goyang penguin”. \nHarapan kedepannya ICS dapat lebih solid dan saling tegur sapa kepada sesama member komunitas ICS. “Ya harapannya agar kedepannya dapat mengajak dan lebih menginspirai menginspirasi para pemuda kota solo dan sekitarnya untuk berbuat baik kepada siapapun yang membutuhkan” Jelas President ICS , Mas Fai.', 'anniversary-info-cegatan-solo-dan-sekitarnya', 'https://www.youtube.com/watch?v=cFAz2Kf3n7w', 'a', 'jpg', '2016-12-18 06:05:00', '2016-12-18 06:05:00', null, '1', '1', '0', '0');
INSERT INTO `posts` VALUES ('83', 'Roti Bakar Gula Batu Tempat Kuliner Hits di Solo', 'Untuk harga terupdate bisa cek di instagramnya. @rotibakargb\n\nMusic: \nHep Cats oleh Kevin MacLeod berlisensi Creative Commons Attribution (https://creativecommons.org/licenses/...)\nSumber: http://incompetech.com/music/royalty-...\nArtis: http://incompetech.com/', 'roti-bakar-gula-batu-tempat-kuliner-hits-di-solo', 'https://www.youtube.com/watch?v=cBO01_0dlAA', 'a', 'jpg', '2016-12-18 06:05:00', '2016-12-18 06:05:00', null, '1', '1', '0', '0');
INSERT INTO `posts` VALUES ('84', 'Pameran Lukisan Kaca bertema | \"Dalam Bayang-bayang Wayang\"', 'Pada selasa (1/11/2016) Pameran Lukisan Kaca Wayang di Balai Soedjatmoko dibuka dengan Fragmen wayang orang Gatotkaca Gandrung. \n\nPameran ini diadakan mulai Selasa (1/11/2016) hingga Sabtu (6/11/2016). Hari pertama pembukaan, banyak pengunjung yang datang dan memenuhi Balai Soedjatmoko. Pengunjung datang untuk melihat pameran lukisan wayang yang dipajang dengan rapi di dinding Balai Soedjatmoko. Banyak yang ikut menikmati pertunjukan Fragmen wayang orang Gatotkaca Gandrung yang digelar dalam rangka pembukaan pameran Lukisan Kaca Wayang. Pengelola program Balai Soedjatmoko, Yunanto Sutyastomo menjelaskan mengenai tema pameran ini.\n\nPembukaan Pameran Lukisan Kaca Wayang ini dimulai pukul 20.00 WIB. Para pengunjung berasal dari kalangan masyarakat serta pencinta seni. Kegiatan ini dibuka dengan sambutan dari Kurator Balai Soedjatmoko, Ardus M Sawega.Tarian Gatotkaca Gandrung ini ditarikan oleh 2 orang yaitu Heru Purwanto S. Sn dan Mila Restu S. Sn.Tarian ini merupakan special perform tribute Rusman dan Darsi. Rusman dan Darsi merupakan seniman wayang orang Sriwedari. Tarian Gatotkaca Gandrung merupakan tarian tokoh wayang Gatotkaca yang mengisahkan percintaannya dengan dewi Pergiwa, putri Arjuna. Pameran Lukisan Kaca Wayang ini bertema \"Dalam Bayang-bayang Wayang\". Balai Soedjatmoko terletak di Jalan Brigjend Slamet Riyadi, Sriwedari. Terdapat 40 lukisan kaca yang dipamerkan di Balai Soedjatmoko.\n\n\"Lukisan kaca pada awalnya memang bertema wayang, tapi secara perlahan wayang mulai ditinggalkan, dan tinggal jadi bayang-bayang,\" katanya.', 'pameran-lukisan-kaca-bertema-dalam-bayang-bayang-wayang', 'https://www.youtube.com/watch?v=nyoiioHk59s', 'a', 'jpg', '2016-12-18 06:05:00', '2016-12-18 06:05:00', null, '1', '1', '0', '0');
INSERT INTO `posts` VALUES ('85', 'Penjelasan Suku Wahea di IMF Solo 2016', 'Festival Topeng Internasional kembali digelar di kota Solo pada tanggal 28-29 Oktober 2016 di Pendopo Prangwedanan Istana Mangkunegaran Surakarta. Berbagai pertunjukan tari dan pameran topeng serta workshop akan memeriahkan acara kali ini. “IMF kali ini akan dimeriahkan diantaranya oleh Didik Nini Thowok dan Ibu Wangi Indriya. Sosok Ibu Wangi Indriya menjadi daya tarik event ini. Beliau penari topeng dan menjadi tokoh penari topeng. Pada pementasan pertama Wangi Indriya akan mementaskan topeng klasik dan pada malam kedua akan mementaskan topeng kontemporer” Papar Dra. R.Ay. T. Irawati Kusumorasri, M.Sn selaku ketua panitia IMF 2016\n\nNamun, ada yang unik saat pers conference yang diadakan pada 27 Oktober lalu yaitu kehadiran perwakilan suku Wahea dari Kalimantan Timur. Siapakah suku Wahea tersebut? simak videonya..', 'penjelasan-suku-wahea-di-imf-solo-2016', 'https://www.youtube.com/watch?v=J20tb0JcJfk', 'a', 'jpg', '2016-12-18 06:05:00', '2016-12-18 06:05:00', null, '1', '1', '0', '0');
INSERT INTO `posts` VALUES ('86', 'BUDAYA TOPENG DI INTERNATIONAL MASK FESTIVAL 2016', 'Internasional Mask Festival diselenggarakan sebagai ruang pertemuan pengrajin, seniman, pemerhati, dan pecinta topeng kuno dari Indonesia dan manca Negara. Event ini merupakan peran aktif dalam mempromosikan Solo sebagai kota budaya dan pariwisata di forum nasional dan internasional.\n\nPada hari sabtu kemarin, tanggal 29 oktober Wangi Indriya dari Indramayu membuka paertunjukan dengan tarian yang bernama Tari NYAWIJI, tarian tersebut berasal dari topeng Panji gaya dermayon yang mengekspresikan sifat kebaikan manusia. Kemudian pertunjukan dilanjutkan dengan tarian SCHUHPLATTLER yang dibawakan oleh Andrea Rutkowski yang berasal dari Jerman, tari SCHUHPLATTLER adalah gaya tradisional tarian rakyat di daerah Alphine di Bavaria dan Tyrol.\n\nPertunjukan dilanjutkan dengan perform dari Malang Dance Company yang berasal dari malang mereka membawakan tarian yang bernama Dramatari Topeng Panji Krama, tarian tersebut menggambarkan pernikahan antara Panji Asmarabangun dengan Dewi Sekartaji.\n\nPertunjukan dilanjutkan dengan Tari GONDER yang dimainkan oleh Senait Hailemariam yang berasal dari Ethiopia, Di Ethiopia, Gonder merupakan salah satu music tradisional terbaik disana.\n\nAcara dilanjutkan dengan penampilan dari Akademi Seni Mangkunegaran (ASGA) yang berasal dari Solo, ASGA menampilkan Tari Klana Sembung Langu, tarian ini menceritakan tentang Klana Sewandana yang seang kasmaran dengan Dewi Sekartaji Galuh Candra Kirana, hingga ditunggui terus oleh Sembung Langu yang yang merupakan abdi setianya.\n\nAcara kemudian dilanjutkan dengan tarian HEDOQ yang berasala dari Suku Wehea yang berasal dari Kalimantan Timur, Hedoq sendiri juga disebut topeng makhluk khayangan, tarian tersebut merupakan tarian asli Suku Wehea yang diwariskan turun-temurun oleh leluhur Suku wehea untuk menghormati, mengenang makhluk khayangan yang melindungi dan hidup berdampingan dengan Suku Wehea secara turun temurun.\n\nDilanjutkan dengan perform dari Sanggar Sri Gemala Laksaman IMPKR (KEPRI-Solo), Sanggar Sri Gemala Laksamana IMPKR menampilkan tarian yang berjudul Tari Topeng Mak yong (Inang Pengasuh), Mak Yong merupakan sebuah seni teater / drama tradisional khas masyarakat Melayu. Dikepulauan Riau, seni teater Mak Yong memiliki ciri khas khusus, yaitu menggunakan topeng. Kemudian acara Internasional Mask Festival ditutup dengan tarian yang dilakukan oleh semua penari yang terlibat dalam acara Internasional Mask Festival tersebut. Penonton sangat berantusias dalam menyaksikan acara tersebut.', 'budaya-topeng-di-international-mask-festival-2016', 'https://www.youtube.com/watch?v=ZddGnI1yxJ0', 'a', 'jpg', '2016-12-18 06:05:00', '2016-12-18 06:05:00', null, '1', '1', '0', '0');
INSERT INTO `posts` VALUES ('87', 'Telaga Sarangan Tempat Wisata Unggulan Kabupaten Magetan', 'Telaga Sarangan atau biasa juga disebut dengan telaga pasir adalah Tempat Wisata Yang Menjadi Andalan Dari Kabupaten Magetan. Objek wisata yang terletak di Kabupaten Magetan berupa Telaga bukan hanya telaga sarangan tetapi ada juga telaga wahyu, namun dari segi keindahan serta tertatanya tempat, memang telaga sarangan masih menjadi tempat wisata unggulan di kabupaten ujung Provinsi Jawa timur, menjadi Objek wisata di kabupaten Magetan yang terkelola dengan baik.\n\nTelaga Sarangan berada di kecamatan Plaosan, Kabupaten Magetan, atau berjarak sekitar 16 km dari pusat kota magetan. Untuk mencapai ke kawasan wisata telaga ini mudah, karena sudah banyak papan petunjuk yang mengarahkan ke area pusat telaga sarangan jika perjalanan di tempuh dari kota magetan. Menuju Telaga sarangan bisa juga tembus ke kabupaten karanganyar di jawa tengah.\n\nTelaga sarangan memiliki luas area sekitar 30 hektar dan mempunyai kedalaman sekitar 28 meter, dan telaga ini berada diketinggian 1200 meter dari permukaan laut. karena terletak di lereng gunung lawu serta berada di atas ketinggian maka telaga sarangan mempunyai suhu udara yang sangat dingin berkisar antara 15 hingga 20 derajat celsius.\n\nKawasan objek wisata telaga sarangan sudah di kelola dengan sangat profesional maka setiap tahunnya banyak sekali pengunjung yang menyempatkan untuk datang ke tempat wisata ini, bahkan banyak juga yang datang rombongan dan juga datang dari luar kabupaten Magetan. \n\nRute mencapai telaga tidaklah sulit, jika sudah sampai di kota magetan, maka di pinggir jalan akan ada papan yang memberitahukan arah menuju area telaga sarangan, bisa juga setelah kota magetan lurus ke barat menuju arah kabupaten karanganyar maka di pinggir jalan akan terlihat telaga yang sangat indah.\n\nPara pengunjung yang ingin menikmati suasana malam atau bahkan menginap di sekitar telaga sarangan, di kawasan telaga ini sudah ada beberapa hotel yang siap menyambut anda dengan sangat ramah, seperti dua hotel berbintang, 43 hotel kelas melati dan sekitar 18 pondok wisata.\n\nFasilitas hotel yang sudah banyak bertebaran di sekitar telaga sarangan, maka masih ada lagi beberapa fasilitas yang disediakan oleh pengelola objek wisata semisal persewaan kuda yang siap mengitari telaga, ada juga persewaan kapan cepat atau becak air dengan jumlah sekitar 50 perahu motor dan 13 becak air dan tidak ketinggalan ada sekitar 19 rumah makan, taman, tempat bermain, pasar wisata dan juga tempat ibadah dan tentunya tempat parkir.', 'telaga-sarangan-tempat-wisata-unggulan-kabupaten-magetan', 'https://www.youtube.com/watch?v=quIXRKu0wmY', 'a', 'jpg', '2016-12-18 06:05:00', '2016-12-18 06:05:00', null, '1', '1', '0', '0');
INSERT INTO `posts` VALUES ('88', 'Workshop Pembuatan Topeng IMF 2016', 'Kali ini IMF tidak hanya menampilkan suatu pertunjukan seni topeng tapi juga menggelar workshop topeng. Workshop ini dibuka untuk kalangan umu, pelajar dan mahasiswa. Pengisi workshop topeng adalah seniman pembuat topeng yang sudah berpenglaman dibidangnya.\n\nSujiman sebagai salah satu pengisi atau pemateri workshop berasal dari Gunungkidul, Jogjakarta. Merupakan seniman penatah dan pembuat topeng sejak tahun 1973. Sujiman juga seorang perintis usaha pembuatan topeng di desanya didaerah Gunungkidul. Ia mulai merintis usaha pembuatan topeng dari tahun 1985 sampai kini, hingga didesanya memiliki lebih dari 400 pengrajin topeng.\nParjyo Parsik juga menjadi pemateri di workshop topeng kali ini. \n\nPria 57 tahun ini lebih mengembangkan pembuatan topeng dengan bahan dasar kertas bekas, daun daun bamboo, dll. Selain itu dia juga seorang seniman patung, lukis, desain batik dan tari rakyat. Ia juga salah satu orang yang menghidupkan kembali sanggar Barong Kemamang yang tampil di IMF hari pertama.', 'workshop-pembuatan-topeng-imf-2016', 'https://www.youtube.com/watch?v=BrCloVr9tnM', 'a', 'jpg', '2016-12-18 06:05:00', '2016-12-18 06:05:00', null, '1', '1', '0', '0');
INSERT INTO `posts` VALUES ('89', 'Serunya Jong Parade 2016 di Kota Solo', 'Bentuk apresiasi, atlet Kota Solo yang telah berhasil meraih medali bagi kontingen Jawa Tengah dalam Pekan Olahraga Nasional (PON) XIX/2016 Jawa Barat lalu. Ribuan pemuda kota Solo merayakan sumpah pemuda yang ke-88 dengan menggelar festival Jong Parade 2016, Minggu (30/10). Event yang pertama kalinya diselengarakan di tersebut bertujuan mendorong generasi muda untuk berkreasi dan berkarya. \n\nParade diikuti lebih dari 30 kelompok pemuda dari Karang Taruna, sekolah- sekolah, komunitas, Akademi Angkatan Udara, atlet-atlet, berbagai perguruan beladiri dan lain sebagainya. Iring-iringan diberangkatkan oleh walikota dari Ngarsopuro menuju halaman Balaikota Solo kitar pukul 15.30 WIB. Peserta diminta menampilkan karya baru yang belum pernah ditampilkan sebelumnya. Setiap kelompok dari waktu sekitar bulan untuk menyaksikan penampilan mereka dalam acara ini.\nArak-arakan peserta karnaval itu pun diharapkan mampu menyebarkan semangat kreativitas dan kemandirian bagi kaum muda.', 'serunya-jong-parade-2016-di-kota-solo', 'https://www.youtube.com/watch?v=e1b1pehGWp8', 'a', 'jpg', '2016-12-18 06:05:00', '2016-12-18 06:05:00', null, '1', '1', '0', '0');
INSERT INTO `posts` VALUES ('90', 'Lokawisata Mengasyikkan di Kebun Teh Kemuning Ngargoyoso', 'Kawasan Kemuning berada di antara Candi Sukuh dan Candi Cetho. Candi Palanggatan dan Menggung. Untuk menuju tempat tersebut, tidak sulit. Kita bisa memakai angkutan umum dengan rute Karangpandan, Ngargoyoso, dan Jenawi. \n\nPerkebunan Teh Kemuning berada di Ngargoyoso, Karanganyar, Jawa Tengah atau sekitar 10 kilometer timur laut dari jalur utama Solo-Tawangmangu. Perkebunan teh ini adalah salah satu tujuan wisata di Jawa Tengah yang berada di kabupaten karanganyar. Alam pegunungannya masih asri, Udara sejuk dengan suhu rata-rata 21,5 derajat celcius. \n\nHamparan hijau perkebunan teh sangat bagus dilahat. Di Kemuning, kita bisa menjelajahi perkebunan teh. Tak hanya pemandangan hamparan teh. Lokasi tepat perkebunan ini ada di 11,10-11,250 BT dan 7,40-7,60 LS. Ketinggian tempatnya bervariasi antara 800 hingga 1.540 meter di atas permukaan laut dengen kelembaban berkisar 60 – 80 persen dengan penyinaran matahari hanya 40 – 55 persen.\n\nAktivitas para pemetik daun teh ini dimulai pada matahari terbit. Eksotis, karena jarang bisa dijumpai di obyek wisata pada umumnya. Rencananya kawasan wisata Kebun Teh Kemuning juga bakal dilengkapi gardu pandang. Dengan begitu, wisatawan lebih mudah melihat hamparan teh. Pemkab Karanganyar juga akan melengkapi Desa Kemuning dengan homestay bagi pengunjung yang ingin menginap. Ini bukti, Kemuning tak semata jadi produsen daun teh. Tetapi juga sebuah lokawisata yang mengasyikkan dan punya fasilitas signifikan.', 'lokawisata-mengasyikkan-di-kebun-teh-kemuning-ngargoyoso', 'https://www.youtube.com/watch?v=83oJtal--Tg', 'a', 'jpg', '2016-12-18 06:05:00', '2016-12-18 06:05:00', null, '1', '1', '0', '0');
INSERT INTO `posts` VALUES ('91', 'Roti Bakar 543 Suasana Tongkrongan Anak Muda', 'Kedai Roti Bakar 543 sudah ada sejak 14 bulan yang lalu di Kota Surakarta, atau well known as Solo. Rotinya homemade, semua pabrik ada di Solo. Lebih empuk dan lembut gitu deh.\n\nKonsep tempatnya juga beda dari cafe kebanyakan, tempatnya super luas, free wifi, ada LCD projector untuk nobar asik, full music dengan lagu lagu catchy khas anak muda.\n\nKedai Roti Bakar 543 Solo mempertahankan cita rasa makanan dengan tetap menggunakan bahan baku berkualitas. Kedai yang beralamat di Jl. Sam Ratulangi No. 20, Manahan, Solo', 'roti-bakar-543-suasana-tongkrongan-anak-muda', 'https://www.youtube.com/watch?v=q5SJ-hIqJ3U', 'a', 'jpg', '2016-12-18 06:05:00', '2016-12-18 06:05:00', null, '1', '1', '0', '0');
INSERT INTO `posts` VALUES ('92', 'Hari Wayang 2016 “Wayang Cermin Kehidupan”', 'Jurusan Pedalangan Fakultas Seni Pertunjukan Institut Seni Indonesia (ISI) Surakarta pada tanggal 7–8 November 2016 akan menyambut Hari Wayang Tahun 2016, dengan agenda kegiatan yaitu pameran wayang, lomba melukis dan mewarnai wayang, workshop pembuatan wayang, dan pergelaran wayang. Kegiatan ini dilatarbelakangi oleh pemikiran bahwa wayang merupakan refleksi kehidupan manusia. Di dalam jagat wayang kita dapat menemukan aneka ragam ajaran hidup yang memberikan ruang tafsir bagi masyarakat pendukungnya, antara lain ajaran mengenai hidup dan kehidupan, ajaran mengenai harmoni sosial, dan ajaran tentang keindahan seni sejati. \n\nTujuan digelarnya acara ini adalah mangayubagya ditetapkannya wayang Indonesia sebagai warisan budaya yang telah diakui oleh dunia, memberikan apresiasi kepada masyarakat tentang berbagai ragam seni pertunjukan dan seni rupa wayang yang dimiliki oleh bangsa Indonesia, memberikan kesadaran kepada masyarakat terutama generasi muda tentang pentingnya nilai-nilai kehidupan yang tersirat dalam seni pewayangan, menumbuhkan pemikiran kritis para dalang, budayawan, dan pemerhati wayang terhadap genre wayang Indonesia dan melestarikan dan mengembangkan seni pertunjukan wayang sebagai aset budaya bangsa Indonesia dan dunia sesuai dengan keputusan UNESCO.\n\nAdapun peringatan hari wayang ini terdiri dari lima kegiatan. Lomba mewarnai wayang, demonstrasi pembuatan wayang, pameran wayang, pameran buku-buku tentang wayang, dan pagelaran wayang. Pagelaran wayang turut ditampilkan 19 dalang profesional dari berbagai daerah. Penampilan khusus juga ditampilkan oleh dalang Ki Joko Santosa dengan memainkan wayang selama 26 jam. Terdapat juga penampilan dalang anak-anak, dalang remaja, dan dalang dewasa. Acara yang diselenggarakan oleh Jurusan Pedalangan Fakultas Seni Pertunjukan ISI Surakarta ini berlangsung 7-8 November 2016 di empat tempat selama 37 jam.', 'hari-wayang-2016-wayang-cermin-kehidupan', 'https://www.youtube.com/watch?v=eCm9XBP0Gso', 'a', 'jpg', '2016-12-18 06:05:00', '2016-12-18 06:05:00', null, '1', '1', '0', '0');
INSERT INTO `posts` VALUES ('93', 'Pengenalan Hand Lettering dan Kaligrafi bersama Akademi Berbagi Solo', 'Akademi berbagi adalah gerakan sosial nirlaba yang bertujuan untuk berbagi pengetahuan, wawasan dan pengalaman yang bisa diaplikasikan langsung sehingga para peserta bisa meningkatkan kompetensi di bidang yang telah dipilihnya.\n\nKali ini selasa 8 November 2016, Akademi berbagi Solo mengadakan kelas akber yang ke 122 dengan materi “Pengenalan Kaligrafi dan Hand Lettering”.\n\nPengisi materi kali ini adalah desainer local yang sudah berpengalaman yaitu Alib Isa. Materi yang disampaikan yaitu dasar dasar hand lettering dan kaligrafi. Serta penggunaan brush dan pen untuk menggambar.\n\nBentuknya adalah kelas-kelas pendek yang diajar oleh para ahli dan praktisi di bidangnya masing-masing. Kelasnya pun berpindah-pindah sesuai dengan ketersediaan ruang kelas yang disediakan oleh para donatur ruangan.\n\nPenerapan hasil karya dari hand lettering nanti bisa dibuat menjadi kaos dan hiasan dinding atau mural pada kafe atau resto.', 'pengenalan-hand-lettering-dan-kaligrafi-bersama-akademi-berbagi-solo', 'https://www.youtube.com/watch?v=Q7naSR9lsZw', 'a', 'jpg', '2016-12-18 06:05:00', '2016-12-18 06:05:00', null, '1', '1', '0', '0');
INSERT INTO `posts` VALUES ('94', 'Berburu Barang Antik di Pasar Triwindu Solo', 'Solo sangat terkenal dengan kebudayaan Jawanya, Adat Jawa, kesenian Jawa masih sangat kental di Solo, dari dulu hingga sekarang. Jika ingin mengenal lebih jauh tentang kebudayaan Jawa melalui barang-barang peninggalannya yang tergolongkan sebagai barang antik, di solo terdapat tempatnya. Tempat dimana kita dapat berburu barang antik peninggalan kraton yang sudah berumur ratusan tahun, yaitu di Pasar Triwindu yang terletak di Jalan Pangeran Diponegoro atau di depan pura Mangkunegaran, Solo.\nAnda bisa mendapatkan pusaka yang dulunya adalah milik kraton. Berbagai spekulasi berkembang mengenai keberadaan benda-benda milik kraton di pasar ini. Namun pihak kraton mengatakan bahwa benda-benda itu kemungkinan adalah benda yang dihadiahkan pada abdi dalem dan kemudian dijual, atau didapatkan oleh orang yang membeli dari kerabat kraton.', 'berburu-barang-antik-di-pasar-triwindu-solo', 'https://www.youtube.com/watch?v=_YDq1iHuyfk', 'a', 'jpg', '2016-12-18 06:05:00', '2016-12-18 06:05:00', null, '1', '1', '0', '0');
INSERT INTO `posts` VALUES ('95', 'Kirab Hajatan Ageng Jagalan', 'Minggu kemarinn tepatnya tanggal 6 November 2016 ada sebuah hajatan ageng, yaitu Kirab Hajatan Ageng jagalan. Ribuan Orang larut dalam kirab. Yang bertemakan Hajatan Ageng Jagalan. \n\nDalam kirab ada beberapa tumpeng yang di kirab dengan berbagai jenis. Pada akhirnya nanti tumpeng tersebut diperebutkan warga. \nRibuan orang memadati jalan untuk menyaksikan kirab. Acara kirab di selenggarakan satu tahun sekali. Warga dari pukul 03.00 sudah standby berada di sepanjang jalan. Warga yang menyaksikan pun tidak hanya dari kampung jagalan namun para pengendara yang lewat pun turut serta menyaksikan. \n\nPertama kalinya Kirab di adakan pada tahun 2012. Di akhir kirab tumpeng dalam sekejab menjadi rebutan warga. Warga tampak antusiasi memperbutkan tumpeng usai dikirab dan didoakan bersama-sama itu. Bagi sebagian orang, tumpeng hasil insdutri rumahan yang terkenal di Kelurahan Jagalan itu membawa berkah.\nTidak hanya larut dalam merebutkan tumpeng, warga juga asyik berfoto-foto dengan peserta kirab. Mengingat para peserta menggunakan pakaian khas dengan bertemakan Jagalan Tempo Dulu dan Sekarang.', 'kirab-hajatan-ageng-jagalan', 'https://www.youtube.com/watch?v=iuWI5IgJIgM', 'a', 'jpg', '2016-12-18 06:05:00', '2016-12-18 06:05:00', null, '1', '1', '0', '0');
INSERT INTO `posts` VALUES ('96', 'Architecture Event di TBJT', 'Architecture Event (AE) sendiri merupakan acara tahunan yang digelar oleh mahasiswa Jurusan Arsitektur UNS tiap tahunnya. Konsep acara AE ini berupa trilogy, yaitu acara yang mengangkat satu tema terpilih setiap 3 tahun, yang dituangkan ke dalam isu berbeda yang dibahas setiap tahunnya.\nTahun ini, AE kembali hadir dengan tagline yang sama dan mengangkat objek bahasan yang sedang hangat saat ini, yaitu Riverside. Kebutuhan akan pentingnya sungai dalam perkembangan desain kota menjadikan sungai sebagai objek yang layak untuk dibahas saat ini.\n\nKeberadaan sungai memiliki dampak terhadap kegiatan penduduk sekitarnya dan sebaliknya. Hal tersebut membawa pengaruh yang besar terhadap kualitas sungai, yang dimana ketika kualitas sungai menurun, citra sungai akan mulai terlupakan oleh masyarakatnya. Inilah mengapa AE kali ini hendak merevitalisasi sungai sebagai identitas kota dan mengembalikan kembali peran sungai itu sendiri yang nantinya akan berdampak positif bagi perkembangan sebuah kota kedepannya.\n\nJadi, acara ini adalah pembahasan & pemecahan masalah tentang isu sungai secara verbal yang diisi oleh pembicara-pembicara yang ahli di bidangnya. Pameran ini merupakan bentuk apresiasi bagi hasil karya dari mahasiswa arsitektur, baik itu internal (Arsitektur UNS) maupun eksternal. Acara pameran ini berlangsung selama 3 hari, yang setiap harinya bakal berbarengan sama kegiatan-kegiatan menarik dari Archevent 2016 ini nih, seperti Penjurian & Pengumuman Sayembara dan juga Talkshow.', 'architecture-event-di-tbjt', 'https://www.youtube.com/watch?v=AVDIZ7RkaVw', 'a', 'jpg', '2016-12-18 06:05:00', '2016-12-18 06:05:00', null, '1', '1', '0', '0');
INSERT INTO `posts` VALUES ('97', 'Hartono Games Festival 2016', 'Pada awal bulan november terdapat event seru bagi para gamers Jawa Tengah-Daerah Istimewa Yogyakarta. Biasanya event terkhusus games jarang ada apa lagi di kota Solo. JABODETABEK selalu penuh dengan event macam ini. Pada 5-6 November 2016 bertempat di Hartono Mall ada event “Games” yaitu Hartono Games Festival 2016. Terdapat berbagai macam yaitu :\nAcara pada 5 November 2016\n1. Final HERO OF ROBOT FLY TO Universal Studio Singapore \n2. Lomba Mewarnai Robot\n3. Lomba Menyusun Puzzle Robot\n4. Lomba Cosplay Robot\n5. Lomba ROBOTIK\nAcara pada 6 November 2016\n1. Lomba MAXIMUM TUNE 5 DX\n2. Lomba DANZBASE [ALL STYLE]\n3. Lomba NEON FM', 'hartono-games-festival-2016', 'https://www.youtube.com/watch?v=pmb0JE2fjjQ', 'a', 'jpg', '2016-12-18 06:05:00', '2016-12-18 06:05:00', null, '1', '1', '0', '0');
INSERT INTO `posts` VALUES ('98', 'Review Festival Jamu and Culinary 2016', 'Jamu adalah minuman tradisional khas dari Indonesia. Jamu sendiri terbuat dari bahan-bahan alami, berupa bagian dari tumbuhan seperti akar-akaran, daun-daunan, kulit batang, buah, bahkan dari bagian tubuh hewan. Jamu saat ini telah populer dan dikenal oleh seluruh masyarakat lokal bahkan mancanegara. \n\nFestival Jamu and Culinary ini diadakan dalam rangka ingin mengenalkan lebih dalam mengenai fungsi, jenis, dan khasiat jamu kepada khalayak ramai dan tentunya bertujuan untuk melestarikannya sebagai salah satu icon budaya indonesia.\n\nyuk! Saksikan video ini untuk lebih jelasnya..', 'review-festival-jamu-and-culinary-2016', 'https://www.youtube.com/watch?v=FfNiAOJkvXg', 'a', 'jpg', '2016-12-18 06:05:00', '2016-12-18 06:05:00', null, '1', '1', '0', '0');
INSERT INTO `posts` VALUES ('99', 'TV ONLINE BERFORMAT ROCK STATION MEDIA GATHERING (ROCKIN TV)', 'www.rockin-tv.com adalah embrio di dunia tv online yang berformat rock station. www.rockin-tv.com lahir dari dan untuk penikmat juga pelaku musik rock dengan dilandasi pemikiran bahwa saat ini Indonesia tidak/belum memiliki media yang segmented mewadahi karya musik anak bangsa di jalur musik rock, padahal tidak bisa dipungkiri bahwa potensi musik rock Indonesia sudah sangat sejajar dengan musik rock internasional, terbukti dari banyaknya band ataupun musisi solo Indonesia yang mampu menembus event di beberapa negara di dunia. Diluncurkannya www.rockin-tv.com, sebagai salah satu upaya mendorong kemajuan musik rock Indonesia agar dapat menembus pasar dunia. \nDengan proses terbentuknya yang relatif singkat (tidak sampai 1 tahun dari sejak ide awal dikemukakan hingga hari ini) www.rockin-tv.com nyaris boleh dikatakan prematur, belum banyak konten yang bisa ditayangkan dalam jumlah maupun kualitasn ideal, namun support dan desakan teman-teman musisi agar wadah media di mana mereka dapat menyalurkan karyanya ini segera mengudara, telah mendorong awak team rockintv untuk meluncurkan sebentuk siaran percobaan, dimana siaran percobaan ini diharapkan bisa, memberikan gambaran kepada khalayak bahwa inilah kreasi-kreasi yang bisa kita buat dan kita sajikan di rockintv nantinya. Insyaallah dengan dukungan dari para musisi, pelaku bisnis kreatif di dunia musik rock dan masyarakat umumnya, rockintv sedang berproses produksi, hingga akhirnya akan tumbuh menjadi sebuah station televisi yang layak, mempunyai berbagai sisi manfaat, baik sebagai wadah bagi karya musisi, maupun sebagai channel tv yang dicari penikmat musik rock selama ini.\nHarapannya di tahun 2017 www.rockin-tv.com sudah bisa me-launching keberadaannya dengan tampilan yang jauh lebih baik, dengan jaringan/paket media yang lengkap yaitu, TV streaming, TV satelite dan radio. Untuk itu support nyata dari berbagai pihak sangat diharapkan.', 'tv-online-berformat-rock-station-media-gathering-rockin-tv', 'https://www.youtube.com/watch?v=ZJSqvGgVhDs', 'a', 'jpg', '2016-12-18 06:05:00', '2016-12-18 06:05:00', null, '1', '1', '0', '0');
INSERT INTO `posts` VALUES ('100', 'Pameran Kriya Tekstil Dominart', 'Berlangsung pameran Dominart dari kriya tekstil UNS pameran yang berlangsung selama 2 hari mulai dari jum’at, 11 November sampai Sabtu, 12 November bertempat di Galeri Seni Rupa dan Pendopo Ageng Taman Budaya Jawa Tengah. Terdapat berbagai macam karya yang dipamerkan, namun tidak hanya pameran karya juga terdapat Fashion Show se-Jawa Tengah, Fashion Show berlangsung di hari kedua pameran. Acara pameran ini gratis dan dapat di nikmati oleh umum. Pada hari pertama terdapat workshop sablon dari Three King Production. Pengunjung sangat antusias saat praktik sablon dari Three Kingdom Production. Terdapat berbagai macam acara selama dua hari berikut susunan acaranya :\nJumat, 11 November 2016 (Galeri Seni Rupa Taman Budaya Jawa Tengah) \n14.00-14.30: Upacara Pembukaan\n14.40-21.15: Pameran Seni Rupa\n15.15-17.00: Workshop Sablon oleh Three King Production\n18.45-21.00: Pertunjukan Akustik\n\nSabtu, 12 November 2016\nGaleri Seni Rupa dan Pendopo Ageng Taman Budaya Jawa Tengah\n08.30-22.30: Pameran Seni Rupa\n09.00-12.00: Workshop Fotografi Fashion oleh Mbak Monique\n19.00-21.30: Fashion Show', 'pameran-kriya-tekstil-dominart', 'https://www.youtube.com/watch?v=MHc4AJfkOhE', 'a', 'jpg', '2016-12-18 06:05:00', '2016-12-18 06:05:00', null, '1', '1', '0', '0');
INSERT INTO `posts` VALUES ('101', 'Witjaksono, Inspirator Semangat Wirausaha bagi Peserta P3MI 2016.', 'Hari ketiga masa pendidikan dan latihan pemilihan putra dan putri maritim yg diselenggarakan di Sarang Petarung Bhumi Marinir Cilandak, dihadiri oleh pengusaha muda nasional Witjaksono. Witjaksono merupakan salah satu pendiri dan pemegang saham PT DPUM Tbk dan DAJK Tbk. Walaupun sempat jatuh bangun dalam dunia bisnis, Witjaksono dengan tekat kuat mampu bangkit kembali dan berupaya mengembangkan lebih jauh bisnis yang dijalaninya. Dengan tema  Menjadi Pengusaha Muda Nasional Yang Berkarakter, Witjaksono berharap banyak pada calon putra putri maritim untuk dapat memajukan dunia permaritiman Indonesia. Witjaksono atau yang biasa disapa mas witjak ini memberikan pertanyaan yang berkaitan dengan visi misi masing masing peserta yang berasal dari berbagai daerah di Indonesia. Selain itu, ia juga membuat peserta berjanji untuk tetap memperhatikan dunia maritim Indonesia melalui kegiatan wirausaha untuk mewujudkan Indonesia sebagai poros maritime dunia. Pendidikan dan latihan ini dilaksanakan mulai tanggal 21-29 November 2016 sebelum akhirnya mereka dipilih pada malam puncak pemilihan putra putri maritim pada tanggal 30 November 2016.', 'witjaksono-inspirator-semangat-wirausaha-bagi-peserta-p3mi-2016', 'https://youtu.be/tVmFEPsWbVE', 'a', 'jpg', '2016-12-18 06:05:00', '2016-12-18 06:05:00', null, '1', '1', '0', '0');
INSERT INTO `posts` VALUES ('102', 'UNS Vocational Day 2016', 'Sabtu, 19 Novermber 2016 telah dilaksanakan UNS VOCATIONAL DAY 2016 yaitu serangkaian acara Seminar Nasional Pendidikan Vokasi. dengan Tema “Pendidikan Vokasi di Era Ekonomi Asean” di kampus V Universitas Sebelas Maret Surakarta. Seminar nasional yang diselenggarakan oleh Pusat Pengembangan Pendidikan Vokasi (Program Studi Pendidikan Teknik Bangunan, Pendidikan Teknik Mesin, dan Pendidikan Teknik Informatika dan Komputer) Universitas Sebelas Maret ini mendatangkan beberapa pembicara nasional diantaranya:\n1. Prof. Dr. Joko Nurkamto, M.Pd. – Dekan FKIP UNS\n2. Dr. Ir. M. Bakrun, M.M. – Kemendikbud\n3. Dr. (Eng) Agus Setiawan, M.Si. – Ketua APTEKINDO\n4. Prof. Dr. Soesanto, M.Pd. – Ketua ADGVI\nSeminar nasional ini membahas tentang bagaimana cara menyikapi serta mencari peluang era ekonomi asean dan menghubungkannya dengan pengembangan pendidikan vokasi di sekoah bahkan di pendidikan perguruan tinggi. Harapannya UVD dapat dimanfaatkan oleh peneliti, praktisi, akademisi, dan mahasiswa sebagai media berkomunikasi dan mengembangkan jejaring terkait dengan bidang-bidang keilmuan pada ranah pendidikan vokasi.', 'uns-vocational-day-2016', '', 'a', 'jpg', '2016-12-18 06:05:00', '2016-12-18 06:05:00', null, '1', '1', '0', '0');
INSERT INTO `posts` VALUES ('103', 'Potensi Budaya Kirab Apem Sewu', 'Kue apem yang disusun menjadi gunungan, asli buatan tangan masyarakat Kampung Sewu. Kirab apem sewu adalah acara ritual syukuran masyarakat Kampung Sewu, Solo, Jawa Tengah yang digelar setiap bulan haji (bulan Zulhijah-kalender penanggalan Islam). Selain itu, upacara ritual syukuran ini pun dibuat sebagai ungkapan rasa syukur kepada Tuhan karena desa dan tempat tinggal mereka terhindar dari bencana. \n\nSejarah Tradisi Apem Sewu, apem sewu berawal dari amanah yang disampaikan Ki Ageng Gribig kepada seluruh warga untuk membuat 1.000 kue apam dan membagikannya kepada masyarakat sebagai wujud rasa syukur. Kirab Apem Sewu melibatkan seluruh masyarakat. Sejalan dengan berkembangnya zaman, maka ritual kirab apem sewu ini diawali dengan kirab budaya warga Solo yang memakai pakaian adat Solo, seperti kebaya, tokoh pewayangan dan kostum pasukan kraton. Anak sekolah bahkan ibu-ibu kampong sewu ikut serta juga menjadi peserta kirab dengan menampilkan pertunjukan masing-masing. \nSebanyak 1.000 kue apem yang sudah disusun menjadi gunungan diarak menuju area sekitar kampung sepanjang dua kilometer. Kirab apem sewu yang diadakan pada hari minggu sore ini mengambil tema menunjukkan potensi unggulan kampung sewu yaitu apem, banyak yang tidak tahu kalo dikelurahan sewu mempunyai unggulan apemnya, ungkap lurah sewu Henoch sadono. Kemudian dalam acara kirab ini juga diadakan lomba tumpeng yang terbuat dari apem yang dikenal dengan sebutan Jodang. \n\nAda sekitar 30 kelompok mengikuti kirab apem sewu dengan membawa dan menampilkan hasil dari kreasinya. Disepanjang jalan yang dilewati masyarakat memberikan sambutan yang meriah.\nPuncak acara kirab ada di Tempuran, antusias warga sangat terlihat disini karena ratusan warga telah menunggu puncak acara kirab apem sewu ini, Setibanya kirab iring-iringan apem sewu di Tempuran, sebelum apem sewu diperebutkan oleh warga terlebih dahulu didoakan oleh para pemuka agama setempat, setelah itu apem ludes diperebutkan warga.', 'potensi-budaya-kirab-apem-sewu', 'https://www.youtube.com/watch?v=7x-AuqRaGuE', 'a', 'jpg', '2016-12-18 06:05:00', '2016-12-18 06:05:00', null, '1', '1', '0', '0');
INSERT INTO `posts` VALUES ('104', 'Museum Goes to Campus', 'Museum Goes to Campus digelar di Auditorium Universitas Negeri Sebelas Maret (UNS) Surakarta. Tidak hanya ada pameran namun pameran yang digelar selama enam hari tersebut, akan ada beberapa kegiatan yang digelar di sela-sela pameran. Berikut agenda Museum Goes to Campus 8-13 November 2016 :\n\n1. Pameran Museum Goes to Campus untuk umum, jam buka pukul 09.00 s/d 17.00 WIB di Ruang Auditorium Kampus UNS.\n2. Pentas seni mahasiswa sebagai pengisi acara harian.\n3. Bazaar UKM Mahasiswa di Sisi timur auditorium UNS, setiap hari, jam 09.00-17.00 WIB.\n4. Lomba Fotografi untuk mahasiswa dan pelajar (SLTA dan SMP).\nPada tanggal 8 November 2016 agenda Museum Goes to Campus yaitu :\n1.Opening Ceremony, Acara akan dibuka oleh Rektor UNS Solo, Walikota Solo dan Dirjen Kebudayaan Kemendikbud.\n2.Penandatanganan MoU Pengembangan Permuseuman\n3.Seminar “Kampus dan Masa Depan Museum di Indonesia”.\nHadir sebagai narasumber, Dirjen Kebudayaan Kemendikbud, Budayawan dan Museology dari FIB UGM, Prof. Dr. Timbul Haryono, budayawan dan arsitek dari UNS Solo, Dr. Titis Srimuda, S.T., M. TropArch dan Dosen FIB UNS, Drs. Haryono. M.Pd.\nPada tanggal 10 November 2016 agenda Museum Goes to Campus yaitu :\nFGD “Kampus dan Museum” dengan moderator Prof. Dr. Sahid dari Javanologi, dan didampingi koordinator Dr. Susanto dari FIB UNS dan\nDr. Rohmadi dari Perpustakaan UNS.\nPada tanggal 11 November 2016 agenda Museum Goes to Campus yaitu :\n1. Kuliah umum “Nilai -nilai Kebangsaan ” oleh Letkol AU Drs. Yuto Nugroho dari Museum Dirgantara Yogyakarta.\n2. Diskusi “Penguatan Nilai-Nilai Sejarah ”\nModerator Drs. Supariadi, M.Hum dan hadir narasumber Direktur Sejarah, Kemendikbud Dra. Triana Wulandari, M.Hum, dan Deputi IV Staf Presiden atau Dr. Dyah K dari UNY Yogya.\n12-13 November 2016: Lomba Dongeng Nusantara\n13 November 2016 : Penutupan.', 'museum-goes-to-campus', 'https://www.youtube.com/watch?v=bBrmzExZEb0', 'a', 'jpg', '2016-12-18 06:05:00', '2016-12-18 06:05:00', null, '1', '1', '0', '0');
INSERT INTO `posts` VALUES ('105', 'Review Kegiatan Pemilihan Putra Putri Maritim Indonesia 2016 saat Karantina', 'Berikut kami tayangkan video untuk kalian yang ingin tahu kegiatan para calon Putra Putri Maritim Indonesia pada saat karantina..\n\nCek juga di website kami www.netizenspot.com', 'review-kegiatan-pemilihan-putra-putri-maritim-indonesia-2016-saat-karantina', 'https://www.youtube.com/watch?v=BBRtXZ8roHI', 'a', 'jpg', '2016-12-18 06:05:00', '2016-12-18 06:05:00', null, '1', '1', '0', '0');
INSERT INTO `posts` VALUES ('106', 'Grand Final Putra Putri Maritim Indonesia 2016', 'Tak seperti biasanya, suatu gelaran acara umumnya dihelat di dalam gedung. Namun, malam ini perhelatan Grand Final Putra-putri Maritim Indonesia 2016 digelar di atas kapal perang KRI Surabaya 591 yang sedang bersandar Markas Komando Lintas Laut Militer (Kolinlamil) Tanjung Priok, Jakarta Utara.\nSebanyak 67 finalis yang sudah lolos seleksi dari pendaftar seluruh Indonesia bertarung di Jakarta. Para peserta ini ada yang sudah pekerja maupun pelajar atau mahasiswa. \nGrand Final putera puteri maritim 2016, di hadiri oleh \n1. Muhammad Hanif Dhakiri - menteri ketenagakerjaan \n2. Tedjo Edhy Purdijatno - pembina P3MI 2016\n3. Witjaksono @mas.witjak - Pengusaha Muda Nasional.\n4. Asisten Deputi 1 Kemenpora\n5. Dirjen Kementerian Lingkungan Hidup dan Kehutanan.\n6. Deputi 4 Menkomar.\n7. Putri Indonesia 2016.\n\n30 November malam diumumkan langsung 10 besar finalis putra dan putri lalu mengerucut menjadi lima pasang dan tiga pasang lalu terakhir meninggalkan menjadi sepasang saja. Para finalis ini diambil dari hasil nilai sikap, perilaku selama karantina, dan voting di media sosial.\nBeberapa pertanyaan diajukan oleh para juri kepada para finalis malam ini. Semuanya berkaitan sejarah kemaritiman dan bagaimana cara memajukan Indonesia menjadi poros maritim dunia.\n\nBerikut nama nama yang menjadi juara per kategori dan juara utamanya : \nJuara 1\nZihni Ihkamuddin - Jawa Tengah\nZalika Fajrin - Sumatera Selatan\n\nRunner Up 1\nAhmad Mujadid Rizky Wardana - Yogyakarta\nGhina Maulia Rahim-Sumatra Barat\n\nRunner Up 2\nReizsa Yoga Setiawan - Jawa Timur\nNi Putu Cintya Kriss Jayanthi - Bali\n\nKategori Putra Maritim Indonesia Favorit : Raditya Wahyu Prihardianto dari Jatim dan Putri Maritim Indonesia Favorit: Siti Anisyah dari Sumsel.\n\nKategori Putra Maritim Indonesia Persahabatan : Teguh Wahyu Pramana dari Kepri dan Putri Maritim Indonesia Persahabatan: Monica Rahayu Widodo dari Jabar\n\nKategori Putra Maritim Indonesia Lingkungan Hidup: Yusup Adrian Jentewo dari Papua Barat dan Putri Maritim Indonesia Lingkungan Hidup: Ghina Althafiani dari Banten.\n\nKategori Putra Maritim Indonesia Pariwisata Maritim: Fedri Ramadhani dari Sumbar dan Putri Maritim Indonesia Pariwisata Maritim: Devi Sri Hardianti dari Sulteng.\n\nKategori Putra Maritim Indonesia Iptek Maritim: Muhammad Soffa Firdaus dari Jabar dan Putra Maritim Indonesia Iptek Maritim: Megawanti Dwi Rahayu dari Jabar.', 'grand-final-putra-putri-maritim-indonesia-2016', 'https://www.youtube.com/watch?v=Cu-mbnGtQu0', 'a', 'jpg', '2016-12-18 06:05:00', '2016-12-18 06:05:00', null, '1', '1', '0', '0');
INSERT INTO `posts` VALUES ('107', 'Memorial Finalis Putra Puti Maritim Indonesia 2016', 'Berikut adalah momen-momen yang tidak akan terlupakan saat para finalis Putra Putri Maritim Indonesia 2016 melaksanakan pendidikan dan karantina hingga menuju grand final.\n\nSalam Maritim!\nSukseskan Pemilihan Putra Putri Maritim 2017!', 'memorial-finalis-putra-puti-maritim-indonesia-2016', 'https://www.youtube.com/watch?v=EZpouSpBWRw', 'a', 'jpg', '2016-12-18 06:05:00', '2016-12-18 06:05:00', null, '1', '1', '0', '0');
INSERT INTO `posts` VALUES ('108', 'Srawung Kebudayaan Kecamatan Jebres 2016', 'Kecamatan Jebres kembali menggelar acara. Acara kali ini bertajuk Srawung Budaya Kecamatan Jebres 2016. Acara digelar selama 2 hari mulai tanggal 9 sampai 10 Desember. Srawung Budaya ini sendiri diadakan di dihalaman kantor Kecamatan Jebres. Sesuai temanya, srawung budaya jebres dimeriahkan dengan menampilkan pertunjukkan teater dan musik dari sekolah dasar di kecamatan Jebres. Selain itu juga terdapat gelar seni budaa dan gelar kuliner warga jebres. \n\nPertunjukkan ini mengingatkan kita kembali pada dolanan tradisional seperti engklek, lompat tali, jalungan, gobak sodor, dan lain lain. Penonton yang hadir pada malam itu lumayan banyak, pertunjukan yang menarik dan atraktif dari penampil membuat penonton semakin antusias. Apalagi ketika penampil yang masih anak anak tersebut saling sahut menyahut terdengar lucu hingga penonton tertawa. Selain untuk mendidik secara sosial, event ini juga mempertemukan semua potensi budaya di kampung kampung kecamatan jebres', 'srawung-kebudayaan-kecamatan-jebres-2016', 'https://www.youtube.com/watch?v=CCCx3_LoCrM', 'a', 'jpg', '2016-12-18 06:05:00', '2016-12-18 06:05:00', null, '1', '1', '0', '0');
INSERT INTO `posts` VALUES ('109', 'PESONA KEINDAHAN CANDI CETHO KARANGANYAR', '', 'pesona-keindahan-candi-cetho-karanganyar', 'https://www.youtube.com/watch?v=DK2TLoniWHo', 'a', 'jpg', '2016-12-18 06:05:00', '2016-12-18 06:05:00', null, '1', '1', '0', '0');

-- ----------------------------
-- Table structure for posts_tags
-- ----------------------------
DROP TABLE IF EXISTS `posts_tags`;
CREATE TABLE `posts_tags` (
  `post_id` int(10) unsigned NOT NULL,
  `tag_id` int(10) unsigned NOT NULL,
  `created_at` timestamp NULL DEFAULT NULL,
  PRIMARY KEY (`post_id`,`tag_id`),
  KEY `posts_tags_tag_id_foreign` (`tag_id`),
  CONSTRAINT `posts_tags_post_id_foreign` FOREIGN KEY (`post_id`) REFERENCES `posts` (`id`) ON DELETE CASCADE,
  CONSTRAINT `posts_tags_tag_id_foreign` FOREIGN KEY (`tag_id`) REFERENCES `tags` (`id`) ON DELETE CASCADE
) ENGINE=InnoDB DEFAULT CHARSET=latin1;

-- ----------------------------
-- Records of posts_tags
-- ----------------------------

-- ----------------------------
-- Table structure for tags
-- ----------------------------
DROP TABLE IF EXISTS `tags`;
CREATE TABLE `tags` (
  `id` int(11) unsigned NOT NULL AUTO_INCREMENT,
  `name` varchar(255) DEFAULT NULL,
  `desc` varchar(255) DEFAULT NULL,
  `slug` varchar(255) DEFAULT NULL,
  PRIMARY KEY (`id`)
) ENGINE=InnoDB AUTO_INCREMENT=10 DEFAULT CHARSET=latin1;

-- ----------------------------
-- Records of tags
-- ----------------------------
INSERT INTO `tags` VALUES ('1', 'News', null, 'news');
INSERT INTO `tags` VALUES ('2', 'Education', null, 'education');
INSERT INTO `tags` VALUES ('3', 'Art & Culture', null, 'art-culture');
INSERT INTO `tags` VALUES ('4', 'Culinary', null, 'culinary');
INSERT INTO `tags` VALUES ('5', 'Techno', null, 'techno');
INSERT INTO `tags` VALUES ('6', 'Entrepreneur', null, 'entrepreneur');
INSERT INTO `tags` VALUES ('7', 'Travel', null, 'travel');
INSERT INTO `tags` VALUES ('8', 'Pojok Komunitas', null, 'pojok-komunitas');
INSERT INTO `tags` VALUES ('9', 'P3MI 2016', null, 'p3mi-2016');

-- ----------------------------
-- Table structure for users
-- ----------------------------
DROP TABLE IF EXISTS `users`;
CREATE TABLE `users` (
  `id` int(10) unsigned NOT NULL AUTO_INCREMENT,
  `name` varchar(255) COLLATE utf8_unicode_ci NOT NULL,
  `username` varchar(255) COLLATE utf8_unicode_ci DEFAULT NULL,
  `email` varchar(255) COLLATE utf8_unicode_ci NOT NULL,
  `password` varchar(255) COLLATE utf8_unicode_ci NOT NULL,
  `avatar` varchar(255) COLLATE utf8_unicode_ci DEFAULT NULL,
  `is_admin` tinyint(1) NOT NULL DEFAULT '0',
  `remember_token` varchar(100) COLLATE utf8_unicode_ci DEFAULT NULL,
  `created_at` timestamp NULL DEFAULT NULL,
  `updated_at` timestamp NULL DEFAULT NULL,
  `deleted_at` timestamp NULL DEFAULT NULL,
  PRIMARY KEY (`id`),
  UNIQUE KEY `users_email_unique` (`email`)
) ENGINE=InnoDB AUTO_INCREMENT=5 DEFAULT CHARSET=utf8 COLLATE=utf8_unicode_ci;

-- ----------------------------
-- Records of users
-- ----------------------------
INSERT INTO `users` VALUES ('1', 'Ahimmaul Yasid', null, 'ahimmaul.yasid@gmail.com', '$2y$10$c0zr79SAJhN91fbpZTO05.zMTpd16RPtCkAeQ.W9vLonrBlnmlSha', null, '1', '2LfolJb05O60MRxy1CbI4hw7QvoGo3G5UGP6NR0l7VN6r2oZwNo7w4cQ5lgY', '2016-12-13 09:37:43', '2016-12-20 18:56:27', null);
INSERT INTO `users` VALUES ('2', 'Ahimmaul Yasid', null, 'ahimyasid@gmail.com', '$2y$10$omYFUHqarkDLtrpjSDEh0Ok9fr9ejgSqwPEjK5pS58iRrbTTfBVg2', null, '0', 'GN9MYPolASzgRN3AZDHyVUwPmdqTmqTZ9v5dErjp5OEODgDPYW2mgSjiTka7', '2016-12-20 16:08:02', '2016-12-20 16:08:08', null);
INSERT INTO `users` VALUES ('4', 'Ahimmaul Yasid', null, 'ahimyasid@fkip.uns.ac.id', 'Google', null, '0', 'CA4bfGV4WreYWmgJVWJEWgtW9F5yQjWdvNi0DmtNwzubqwkeix3KAEDTgEH3', '2016-12-20 18:54:43', '2016-12-20 18:54:52', null);
SET FOREIGN_KEY_CHECKS=1;
